n_qubits,layers,t_density,repeat,circuit_seed,task,log_k90,k90,global_operator_sre,t_count,active_t_count,task_p2
8,5,0.1,0,798963170080928760,local_z,2.302585092994046,10,1.3536305543010991,5,0.625,0.1980699137620938
8,5,0.1,0,798963170080928760,local_transverse,3.4965075614664802,33,1.3536305543010991,5,1.5625,0.4921214344993546
8,5,0.1,0,798963170080928760,hamiltonian_terms,4.060443010546419,58,1.3536305543010991,5,1.7142857142857142,0.6165444487588522
8,5,0.1,0,798963170080928760,all_pauli,4.574710978503383,97,1.3536305543010991,5,5.0,1.2570037186120273
8,5,0.1,1,881523424200237565,local_z,2.0794415416798357,8,0.2876820724517809,1,0.0,-0.0
8,5,0.1,1,881523424200237565,local_transverse,2.70805020110221,15,0.2876820724517809,1,0.125,0.06453852113757118
8,5,0.1,1,881523424200237565,hamiltonian_terms,3.044522437723423,21,0.2876820724517809,1,0.19047619047619047,0.10008345855698253
8,5,0.1,1,881523424200237565,all_pauli,3.4339872044851463,31,0.2876820724517809,1,1.0,0.2602830982636664
8,5,0.1,2,177549428965584540,local_z,2.3978952727983707,11,1.0565410747474226,6,0.75,0.2876820724517809
8,5,0.1,2,177549428965584540,local_transverse,3.2188758248682006,25,1.0565410747474226,6,1.3125,0.44531101665536404
8,5,0.1,2,177549428965584540,hamiltonian_terms,3.6635616461296463,39,1.0565410747474226,6,1.7619047619047619,0.5913644862500029
8,5,0.1,2,177549428965584540,all_pauli,4.574710978503383,97,1.0565410747474226,6,6.0,1.2144441041932315
8,5,0.1,3,357798337906562973,local_z,2.772588722239781,16,1.684447733438967,7,1.0,0.44531101665536404
8,5,0.1,3,357798337906562973,local_transverse,4.174387269895637,65,1.684447733438967,7,2.4375,1.2685113254635072
8,5,0.1,3,357798337906562973,hamiltonian_terms,4.0943445622221,60,1.684447733438967,7,1.9523809523809523,0.7801585575495751
8,5,0.1,3,357798337906562973,all_pauli,4.718498871295094,112,1.684447733438967,7,7.0,1.2966822024302034
8,5,0.1,4,1881455712524448,local_z,2.4849066497880004,12,1.4363548630768086,5,0.625,0.3746934494414107
8,5,0.1,4,1881455712524448,local_transverse,3.295836866004329,27,1.4363548630768086,5,1.25,0.6776429940239801
8,5,0.1,4,1881455712524448,hamiltonian_terms,3.7612001156935624,43,1.4363548630768086,5,1.1904761904761905,0.5492530008998762
8,5,0.1,4,1881455712524448,all_pauli,4.948759890378168,141,1.4363548630768086,5,5.0,1.3707901745839253
8,5,0.1,5,464167746163067143,local_z,2.3978952727983707,11,1.5737069804079964,6,0.75,0.33024168687057687
8,5,0.1,5,464167746163067143,local_transverse,3.784189633918261,44,1.5737069804079964,6,2.125,1.114360645636249
8,5,0.1,5,464167746163067143,hamiltonian_terms,4.110873864173311,61,1.5737069804079964,6,1.8571428571428572,0.7466358655109315
8,5,0.1,5,464167746163067143,all_pauli,5.187385805840755,179,1.5737069804079964,6,6.0,1.603595636809872
8,5,0.1,6,88189065636125770,local_z,2.302585092994046,10,0.8700148866714361,6,0.875,0.2076393647782445
8,5,0.1,6,88189065636125770,local_transverse,2.8903717578961645,18,0.8700148866714361,6,1.375,0.3087354816496133
8,5,0.1,6,88189065636125770,hamiltonian_terms,3.332204510175204,28,0.8700148866714361,6,1.4761904761904763,0.38776553100876343
8,5,0.1,6,88189065636125770,all_pauli,4.430816798843313,84,0.8700148866714361,6,6.0,1.1183367940158881
8,5,0.1,7,299997250960990718,local_z,2.5649493574615367,13,1.6533571463689358,6,0.75,0.3746934494414107
8,5,0.1,7,299997250960990718,local_transverse,3.4657359027997265,32,1.6533571463689358,6,1.25,0.7576857016975165
8,5,0.1,7,299997250960990718,hamiltonian_terms,3.828641396489095,46,1.6533571463689358,6,1.2380952380952381,0.7051233716066609
8,5,0.1,7,299997250960990718,all_pauli,5.375278407684165,216,1.6533571463689358,6,6.0,2.0286692163064126
8,5,0.1,8,138535339068738981,local_z,3.091042453358316,22,1.4847344339331432,6,1.25,0.48258241145259567
8,5,0.1,8,138535339068738981,local_transverse,3.912023005428146,50,1.4847344339331432,6,2.0,1.1263368366829645
8,5,0.1,8,138535339068738981,hamiltonian_terms,4.465908118654584,87,1.4847344339331432,6,2.1904761904761907,1.054937225165448
8,5,0.1,8,138535339068738981,all_pauli,4.875197323201151,131,1.4847344339331432,6,6.0,1.5021261766450122
8,5,0.1,9,508489603830173086,local_z,2.995732273553991,20,1.9308868473566987,7,1.25,0.43318965612301924
8,5,0.1,9,508489603830173086,local_transverse,4.2626798770413155,71,1.9308868473566987,7,2.125,0.8356472431672284
8,5,0.1,9,508489603830173086,hamiltonian_terms,4.454347296253507,86,1.9308868473566987,7,2.2857142857142856,0.9887974226609031
8,5,0.1,9,508489603830173086,all_pauli,5.556828061699537,259,1.9308868473566987,7,7.0,1.8731051086820074
8,5,0.1,10,325049603996323083,local_z,2.302585092994046,10,0.9450198003150154,6,0.625,0.2076393647782445
8,5,0.1,10,325049603996323083,local_transverse,2.772588722239781,16,0.9450198003150154,6,0.8125,0.24686007793152578
8,5,0.1,10,325049603996323083,hamiltonian_terms,3.58351893845611,36,0.9450198003150154,6,1.4285714285714286,0.4605248852911918
8,5,0.1,10,325049603996323083,all_pauli,4.564348191467836,96,0.9450198003150154,6,6.0,1.2411123512753928
8,5,0.1,11,823360538154411641,local_z,2.0794415416798357,8,0.6931471805599453,2,0.0,-0.0
8,5,0.1,11,823360538154411641,local_transverse,3.1354942159291497,23,0.6931471805599453,2,0.625,0.3746934494414107
8,5,0.1,11,823360538154411641,hamiltonian_terms,3.1354942159291497,23,0.6931471805599453,2,0.2857142857142857,0.15415067982725836
8,5,0.1,11,823360538154411641,all_pauli,3.9889840465642745,54,0.6931471805599453,2,2.0,0.6931471805599453
8,5,0.1,12,478798854263726346,local_z,2.3978952727983707,11,1.2411123512753928,4,0.5,0.2876820724517809
8,5,0.1,12,478798854263726346,local_transverse,2.995732273553991,20,1.2411123512753928,4,0.75,0.42121346507630353
8,5,0.1,12,478798854263726346,hamiltonian_terms,3.4657359027997265,32,1.2411123512753928,4,0.9523809523809523,0.4989911661189879
8,5,0.1,12,478798854263726346,all_pauli,4.276666119016055,72,1.2411123512753928,4,4.0,1.0831081021321445
8,5,0.1,13,640088474002461666,local_z,2.6390573296152584,14,1.7111159805211282,5,1.0,0.5479651707154474
8,5,0.1,13,640088474002461666,local_transverse,3.7612001156935624,43,1.7111159805211282,5,1.5,0.8266785731844679
8,5,0.1,13,640088474002461666,hamiltonian_terms,4.143134726391533,63,1.7111159805211282,5,1.5238095238095237,0.7801585575495751
8,5,0.1,13,640088474002461666,all_pauli,4.90527477843843,135,1.7111159805211282,5,5.0,1.4343035803062512
8,5,0.1,14,328387421463850152,local_z,2.1972245773362196,9,1.2210447882245834,4,0.25,0.13353139262452263
8,5,0.1,14,328387421463850152,local_transverse,3.091042453358316,22,1.2210447882245834,4,0.875,0.5212969236332861
8,5,0.1,14,328387421463850152,hamiltonian_terms,3.6109179126442243,37,1.2210447882245834,4,0.8571428571428571,0.4418327522790392
8,5,0.1,14,328387421463850152,all_pauli,4.382026634673881,80,1.2210447882245834,4,4.0,1.114360645636249
8,5,0.1,15,588822545669780338,local_z,2.5649493574615367,13,0.7744928200138977,2,0.75,0.3746934494414107
8,5,0.1,15,588822545669780338,local_transverse,3.258096538021482,26,0.7744928200138977,2,0.75,0.3746934494414107
8,5,0.1,15,588822545669780338,hamiltonian_terms,3.5263605246161616,34,0.7744928200138977,2,0.7619047619047619,0.38776553100876343
8,5,0.1,15,588822545669780338,all_pauli,3.784189633918261,44,0.7744928200138977,2,2.0,0.5389965007326869
8,5,0.1,16,755040867610877675,local_z,2.5649493574615367,13,1.5203839452185772,6,1.125,0.4575811092471784
8,5,0.1,16,755040867610877675,local_transverse,3.5553480614894135,35,1.5203839452185772,6,1.875,0.8538295622504187
8,5,0.1,16,755040867610877675,hamiltonian_terms,4.1588830833596715,64,1.5203839452185772,6,2.142857142857143,1.0464265354975395
8,5,0.1,16,755040867610877675,all_pauli,5.564520407322694,261,1.5203839452185772,6,6.0,2.1894424368941645
8,5,0.1,17,504280378114108837,local_z,2.5649493574615367,13,0.9808292530117262,3,0.75,0.4700036292457356
8,5,0.1,17,504280378114108837,local_transverse,3.295836866004329,27,0.9808292530117262,3,0.875,0.43318965612301924
8,5,0.1,17,504280378114108837,hamiltonian_terms,3.58351893845611,36,0.9808292530117262,3,1.0476190476190477,0.5700870878027181
8,5,0.1,17,504280378114108837,all_pauli,4.290459441148391,73,0.9808292530117262,3,3.0,1.0090001299784226
8,5,0.1,18,929470355848932708,local_z,2.302585092994046,10,1.864141167826652,6,0.625,0.24686007793152578
8,5,0.1,18,929470355848932708,local_transverse,3.4011973816621555,30,1.864141167826652,6,1.375,0.6473376445286511
8,5,0.1,18,929470355848932708,hamiltonian_terms,3.784189633918261,44,1.864141167826652,6,1.2857142857142858,0.5700870878027181
8,5,0.1,18,929470355848932708,all_pauli,5.655991810819852,286,1.864141167826652,6,6.0,2.089912841547131
8,5,0.1,19,613410966659175072,local_z,2.1972245773362196,9,0.6325225587435105,2,0.25,0.13353139262452263
8,5,0.1,19,613410966659175072,local_transverse,2.9444389791664403,19,0.6325225587435105,2,0.375,0.2076393647782445
8,5,0.1,19,613410966659175072,hamiltonian_terms,3.332204510175204,28,0.6325225587435105,2,0.5714285714285714,0.3199429346700024
8,5,0.1,19,613410966659175072,all_pauli,3.7612001156935624,43,0.6325225587435105,2,2.0,0.5753641449035618
8,5,0.2,0,495286921186610870,local_z,2.5649493574615367,13,3.2240159659125815,15,1.625,0.3746934494414107
8,5,0.2,0,495286921186610870,local_transverse,3.7612001156935624,43,3.2240159659125815,15,4.625,1.0152697429920179
8,5,0.2,0,495286921186610870,hamiltonian_terms,4.442651256490317,85,3.2240159659125815,15,4.0,1.0364132766025664
8,5,0.2,0,495286921186610870,all_pauli,7.050989447068045,1154,3.2240159659125815,15,15.0,2.5795822653458105
8,5,0.2,1,544790727876389704,local_z,3.295836866004329,27,2.915722431504658,13,2.25,0.8177896257672219
8,5,0.2,1,544790727876389704,local_transverse,4.465908118654584,87,2.915722431504658,13,3.9375,1.1384581972153094
8,5,0.2,1,544790727876389704,hamiltonian_terms,5.087596335232384,162,2.915722431504658,13,4.9523809523809526,1.7817649385030594
8,5,0.2,1,544790727876389704,all_pauli,7.117205503164344,1233,2.915722431504658,13,13.0,3.2582084420689648
8,5,0.2,2,699871737283286002,local_z,2.3978952727983707,11,1.282497567438247,4,0.5,0.2876820724517809
8,5,0.2,2,699871737283286002,local_transverse,3.258096538021482,26,1.282497567438247,4,0.9375,0.44531101665536404
8,5,0.2,2,699871737283286002,hamiltonian_terms,3.7376696182833684,42,1.282497567438247,4,1.1904761904761905,0.6466271649250525
8,5,0.2,2,699871737283286002,all_pauli,4.499809670330265,90,1.282497567438247,4,4.0,1.0986122886681098
8,5,0.2,3,359716331678373039,local_z,3.091042453358316,22,2.0600985788367048,8,1.5,0.7411563997463059
8,5,0.2,3,359716331678373039,local_transverse,4.04305126783455,57,2.0600985788367048,8,1.9375,0.840161923521755
8,5,0.2,3,359716331678373039,hamiltonian_terms,4.418840607796598,83,2.0600985788367048,8,2.1904761904761907,1.1349799328389845
8,5,0.2,3,359716331678373039,all_pauli,5.811140992976701,334,2.0600985788367048,8,8.0,2.044889160173176
8,5,0.2,4,412710925320354929,local_z,2.6390573296152584,14,2.17799948243062,9,1.125,0.5479651707154474
8,5,0.2,4,412710925320354929,local_transverse,2.995732273553991,20,2.17799948243062,9,1.4375,0.4700036292457356
8,5,0.2,4,412710925320354929,hamiltonian_terms,4.219507705176107,68,2.17799948243062,9,2.6666666666666665,1.1778415252156844
8,5,0.2,4,412710925320354929,all_pauli,6.018593214496234,411,2.17799948243062,9,9.0,2.419782743991193
8,5,0.2,5,911021476280689120,local_z,2.1972245773362196,9,0.6035350218702582,2,0.375,0.16989903679539747
8,5,0.2,5,911021476280689120,local_transverse,3.258096538021482,26,0.6035350218702582,2,0.8125,0.44531101665536404
8,5,0.2,5,911021476280689120,hamiltonian_terms,3.367295829986474,29,0.6035350218702582,2,0.6666666666666666,0.37037378829689427
8,5,0.2,5,911021476280689120,all_pauli,3.784189633918261,44,0.6035350218702582,2,2.0,0.48681074756211673
8,5,0.2,6,885013881896723070,local_z,2.5649493574615367,13,2.3554729969116415,10,0.875,0.44531101665536404
8,5,0.2,6,885013881896723070,local_transverse,3.713572066704308,41,2.3554729969116415,10,2.1875,0.7029608020082699
8,5,0.2,6,885013881896723070,hamiltonian_terms,4.219507705176107,68,2.3554729969116415,10,2.4285714285714284,0.9183389590123417
8,5,0.2,6,885013881896723070,all_pauli,5.846438775057725,346,2.3554729969116415,10,10.0,2.104826125397849
8,5,0.2,7,581251420445091813,local_z,2.0794415416798357,8,0.3087354816496133,1,0.0,-0.0
8,5,0.2,7,581251420445091813,local_transverse,2.833213344056216,17,0.3087354816496133,1,0.25,0.13353139262452263
8,5,0.2,7,581251420445091813,hamiltonian_terms,2.9444389791664403,19,0.3087354816496133,1,0.09523809523809523,0.048790164169432056
8,5,0.2,7,581251420445091813,all_pauli,3.6375861597263857,38,0.3087354816496133,1,1.0,0.4700036292457356
8,5,0.2,8,124057829703252258,local_z,2.5649493574615367,13,2.555125335056789,8,1.0,0.38039147055604844
8,5,0.2,8,124057829703252258,local_transverse,4.553876891600541,95,2.555125335056789,8,3.375,1.5725298172349815
8,5,0.2,8,124057829703252258,hamiltonian_terms,4.74493212836325,115,2.555125335056789,8,3.142857142857143,1.4374310261704462
8,5,0.2,8,124057829703252258,all_pauli,5.783825182329737,325,2.555125335056789,8,8.0,2.110854274931622
8,5,0.2,9,42851468391303001,local_z,2.5649493574615367,13,2.5140440930597987,9,0.875,0.5212969236332861
8,5,0.2,9,42851468391303001,local_transverse,3.784189633918261,44,2.5140440930597987,9,2.125,1.1631508098056809
8,5,0.2,9,42851468391303001,hamiltonian_terms,4.465908118654584,87,2.5140440930597987,9,2.380952380952381,1.1631508098056809
8,5,0.2,9,42851468391303001,all_pauli,6.025865973825314,414,2.5140440930597987,9,9.0,2.5131333318832025
8,5,0.2,10,910067816400560503,local_z,2.995732273553991,20,2.086300951230729,9,1.375,0.6776429940239801
8,5,0.2,10,910067816400560503,local_transverse,3.912023005428146,50,2.086300951230729,9,2.125,1.0233888674305223
8,5,0.2,10,910067816400560503,hamiltonian_terms,4.543294782270004,94,2.086300951230729,9,2.6666666666666665,1.2194692403959044
8,5,0.2,10,910067816400560503,all_pauli,5.568344503761097,262,2.086300951230729,9,9.0,2.0348765608807464
8,5,0.2,11,99922322522313647,local_z,3.295836866004329,27,2.1439800628174073,8,1.75,0.9808292530117262
8,5,0.2,11,99922322522313647,local_transverse,3.6109179126442243,37,2.1439800628174073,8,1.625,0.8002453161163124
8,5,0.2,11,99922322522313647,hamiltonian_terms,4.430816798843313,84,2.1439800628174073,8,2.1904761904761907,1.067840630001356
8,5,0.2,11,99922322522313647,all_pauli,5.476463551931511,239,2.1439800628174073,8,8.0,2.0461478135803723
8,5,0.2,12,69715775917342712,local_z,2.1972245773362196,9,0.808978996085067,3,0.25,0.13353139262452263
8,5,0.2,12,69715775917342712,local_transverse,2.833213344056216,17,0.808978996085067,3,0.5,0.24686007793152578
8,5,0.2,12,69715775917342712,hamiltonian_terms,3.4011973816621555,30,0.808978996085067,3,0.6666666666666666,0.3532793549375942
8,5,0.2,12,69715775917342712,all_pauli,4.02535169073515,56,0.808978996085067,3,3.0,0.8630462173553428
8,5,0.2,13,667159184863284977,local_z,2.5649493574615367,13,1.7844316470892123,7,1.0,0.31139859906909695
8,5,0.2,13,667159184863284977,local_transverse,3.1354942159291497,23,1.7844316470892123,7,1.5,0.44607350239569854
8,5,0.2,13,667159184863284977,hamiltonian_terms,3.828641396489095,46,1.7844316470892123,7,1.6666666666666667,0.5566903836063175
8,5,0.2,13,667159184863284977,all_pauli,5.484796933490655,241,1.7844316470892123,7,7.0,1.8844242254716423
8,5,0.2,14,425169839005845597,local_z,2.772588722239781,16,1.5654957905776017,6,1.0,0.5212969236332861
8,5,0.2,14,425169839005845597,local_transverse,3.367295829986474,29,1.5654957905776017,6,1.25,0.6179237593223578
8,5,0.2,14,425169839005845597,hamiltonian_terms,3.9512437185814275,52,1.5654957905776017,6,1.5238095238095237,0.7672551527136672
8,5,0.2,14,425169839005845597,all_pauli,5.123963979403259,168,1.5654957905776017,6,6.0,1.7385149547092427
8,5,0.2,15,107115336976446250,local_z,2.4849066497880004,12,1.8977712385722012,6,0.75,0.39768296766610944
8,5,0.2,15,107115336976446250,local_transverse,3.2188758248682006,25,1.8977712385722012,6,1.125,0.6179237593223578
8,5,0.2,15,107115336976446250,hamiltonian_terms,3.784189633918261,44,1.8977712385722012,6,1.380952380952381,0.7357067949787413
8,5,0.2,15,107115336976446250,all_pauli,5.198497031265826,181,1.8977712385722012,6,6.0,1.6550592744394663
8,5,0.2,16,279018615845934033,local_z,2.6390573296152584,14,1.8274220668637717,7,1.125,0.5479651707154474
8,5,0.2,16,279018615845934033,local_transverse,3.6375861597263857,38,1.8274220668637717,7,1.875,0.8424269301526071
8,5,0.2,16,279018615845934033,hamiltonian_terms,4.04305126783455,57,1.8274220668637717,7,2.0,0.8656952255269198
8,5,0.2,16,279018615845934033,all_pauli,5.616771097666572,275,1.8274220668637717,7,7.0,1.9957995499766528
8,5,0.2,17,229023661598424500,local_z,2.5649493574615367,13,1.6527195945462565,8,1.5,0.4514272436728001
8,5,0.2,17,229023661598424500,local_transverse,3.5263605246161616,34,1.6527195945462565,8,2.0625,0.5581520160224405
8,5,0.2,17,229023661598424500,hamiltonian_terms,4.394449154672439,81,1.6527195945462565,8,2.619047619047619,0.7295148247308202
8,5,0.2,17,229023661598424500,all_pauli,5.153291594497779,173,1.6527195945462565,8,8.0,1.6240295312744157
8,5,0.2,18,764140686940370227,local_z,3.784189633918261,44,2.3345385753802916,11,3.375,1.7385149547092427
8,5,0.2,18,764140686940370227,local_transverse,4.442651256490317,85,2.3345385753802916,11,3.875,1.4070153787574082
8,5,0.2,18,764140686940370227,hamiltonian_terms,4.653960350157523,105,2.3345385753802916,11,3.761904761904762,1.3620373834743307
8,5,0.2,18,764140686940370227,all_pauli,5.746203190540153,313,2.3345385753802916,11,11.0,2.135336966661387
8,5,0.2,19,1142512787848229756,local_z,2.1972245773362196,9,2.077490321548574,7,0.25,0.13353139262452263
8,5,0.2,19,1142512787848229756,local_transverse,3.332204510175204,28,2.077490321548574,7,1.5,0.6931471805599453
8,5,0.2,19,1142512787848229756,hamiltonian_terms,3.8501476017100584,47,2.077490321548574,7,1.619047619047619,0.7081399651460866
8,5,0.2,19,1142512787848229756,all_pauli,5.8522024797744745,348,2.077490321548574,7,7.0,2.0311475323208796
8,5,0.3,0,637170551930282731,local_z,2.4849066497880004,12,1.9512957189879059,12,1.375,0.4700036292457356
8,5,0.3,0,637170551930282731,local_transverse,3.9318256327243257,51,1.9512957189879059,12,3.0625,1.2411123512753928
8,5,0.3,0,637170551930282731,hamiltonian_terms,4.07753744390572,59,1.9512957189879059,12,2.761904761904762,0.9419138367620526
8,5,0.3,0,637170551930282731,all_pauli,6.118097198041348,454,1.9512957189879059,12,12.0,2.4579300620897984
8,5,0.3,1,160670897989634319,local_z,2.8903717578961645,18,3.2428839465354735,15,2.0,0.6776429940239801
8,5,0.3,1,160670897989634319,local_transverse,4.2626798770413155,71,3.2428839465354735,15,4.625,1.3862943611198906
8,5,0.3,1,160670897989634319,hamiltonian_terms,4.770684624465665,118,3.2428839465354735,15,4.904761904761905,1.1629276204285688
8,5,0.3,1,160670897989634319,all_pauli,7.022868086082641,1122,3.2428839465354735,15,15.0,3.133047168337607
8,5,0.3,2,150409777860215013,local_z,2.3978952727983707,11,0.9007865453381898,3,0.5,0.2876820724517809
8,5,0.3,2,150409777860215013,local_transverse,3.091042453358316,22,0.9007865453381898,3,0.625,0.33024168687057687
8,5,0.3,2,150409777860215013,hamiltonian_terms,3.6375861597263857,38,0.9007865453381898,3,0.9523809523809523,0.5389965007326869
8,5,0.3,2,150409777860215013,all_pauli,3.9318256327243257,51,0.9007865453381898,3,3.0,0.6423748551865222
8,5,0.3,3,285388577092069120,local_z,2.4849066497880004,12,1.5748855309274405,7,0.625,0.3746934494414107
8,5,0.3,3,285388577092069120,local_transverse,3.713572066704308,41,1.5748855309274405,7,1.8125,0.8630462173553428
8,5,0.3,3,285388577092069120,hamiltonian_terms,3.9889840465642745,54,1.5748855309274405,7,1.8095238095238095,0.7801585575495751
8,5,0.3,3,285388577092069120,all_pauli,5.0106352940962555,150,1.5748855309274405,7,7.0,1.7311348474116202
8,5,0.3,4,246446241987502677,local_z,2.9444389791664403,19,2.8932292301388234,14,2.375,0.7915872533731978
8,5,0.3,4,246446241987502677,local_transverse,4.07753744390572,59,2.8932292301388234,14,4.25,1.398082316871933
8,5,0.3,4,246446241987502677,hamiltonian_terms,4.718498871295094,112,2.8932292301388234,14,4.666666666666667,1.1320905924873794
8,5,0.3,4,246446241987502677,all_pauli,6.79346613258001,892,2.8932292301388234,14,14.0,3.039970435892104
8,5,0.3,5,74959160222867972,local_z,3.044522437723423,21,3.2575845460038564,14,2.25,0.8177896257672219
8,5,0.3,5,74959160222867972,local_transverse,4.59511985013459,99,3.2575845460038564,14,4.375,1.7385149547092427
8,5,0.3,5,74959160222867972,hamiltonian_terms,5.056245805348308,157,3.2575845460038564,14,4.380952380952381,1.3658573062639008
8,5,0.3,5,74959160222867972,all_pauli,7.321188556739478,1512,3.2575845460038564,14,14.0,3.247716132745519
8,5,0.3,6,114683883990672135,local_z,2.4849066497880004,12,2.752223275142669,13,1.0,0.43620624966244487
8,5,0.3,6,114683883990672135,local_transverse,3.784189633918261,44,2.752223275142669,13,3.1875,1.2913393580197081
8,5,0.3,6,114683883990672135,hamiltonian_terms,4.23410650459726,69,2.752223275142669,13,2.8095238095238093,1.0080102499198782
8,5,0.3,6,114683883990672135,all_pauli,6.690842277418564,805,2.752223275142669,13,13.0,2.6321232334552334
8,5,0.3,7,799428307245072521,local_z,2.70805020110221,15,2.002408165197009,9,1.125,0.7576857016975165
8,5,0.3,7,799428307245072521,local_transverse,3.58351893845611,36,2.002408165197009,9,2.1875,0.8723486100176563
8,5,0.3,7,799428307245072521,hamiltonian_terms,4.143134726391533,63,2.002408165197009,9,1.9047619047619047,0.8403774175426297
8,5,0.3,7,799428307245072521,all_pauli,5.19295685089021,180,2.002408165197009,9,9.0,1.745483624025336
8,5,0.3,8,242000399525307048,local_z,2.3978952727983707,11,2.06297627866432,11,0.75,0.2876820724517809
8,5,0.3,8,242000399525307048,local_transverse,4.23410650459726,69,2.06297627866432,11,2.875,1.2478920382607714
8,5,0.3,8,242000399525307048,hamiltonian_terms,4.330733340286331,76,2.06297627866432,11,2.9523809523809526,1.1053312389168546
8,5,0.3,8,242000399525307048,all_pauli,6.150602768446279,469,2.06297627866432,11,11.0,2.2174472146992796
8,5,0.3,9,592416358402000030,local_z,3.332204510175204,28,3.3008970878880364,12,2.0,1.102526187989246
8,5,0.3,9,592416358402000030,local_transverse,3.912023005428146,50,3.3008970878880364,12,3.0,1.092284693937049
8,5,0.3,9,592416358402000030,hamiltonian_terms,4.882801922586371,132,3.3008970878880364,12,3.761904761904762,1.449246839101827
8,5,0.3,9,592416358402000030,all_pauli,7.383989457978509,1610,3.3008970878880364,12,12.0,3.1710441538770517
8,5,0.3,10,463611901775544571,local_z,2.772588722239781,16,1.7810745691280385,8,1.75,0.6179237593223578
8,5,0.3,10,463611901775544571,local_transverse,3.4657359027997265,32,1.7810745691280385,8,1.875,0.7009903580209712
8,5,0.3,10,463611901775544571,hamiltonian_terms,4.1588830833596715,64,1.7810745691280385,8,2.9047619047619047,0.9887974226609031
8,5,0.3,10,463611901775544571,all_pauli,5.272999558563747,195,1.7810745691280385,8,8.0,1.7839773287860001
8,5,0.3,11,223183440528663957,local_z,2.9444389791664403,19,2.0012786044759814,13,1.5,0.808978996085067
8,5,0.3,11,223183440528663957,local_transverse,4.174387269895637,65,2.0012786044759814,13,4.125,1.0650037486661563
8,5,0.3,11,223183440528663957,hamiltonian_terms,4.634728988229636,103,2.0012786044759814,13,3.9047619047619047,1.144866608310792
8,5,0.3,11,223183440528663957,all_pauli,5.572154032177765,263,2.0012786044759814,13,13.0,2.02373093466583
8,5,0.3,12,929787189952061780,local_z,2.5649493574615367,13,3.1897182759411202,10,0.875,0.5212969236332861
8,5,0.3,12,929787189952061780,local_transverse,3.6109179126442243,37,3.1897182759411202,10,2.3125,1.0125779513263065
8,5,0.3,12,929787189952061780,hamiltonian_terms,4.382026634673881,80,3.1897182759411202,10,2.6666666666666665,1.1280594899944107
8,5,0.3,12,929787189952061780,all_pauli,6.75343791859778,857,3.1897182759411202,10,10.0,3.0924676220748117
8,5,0.3,13,735932928284409593,local_z,3.1780538303479458,24,2.6019213192143122,12,2.0,1.2078867036470724
8,5,0.3,13,735932928284409593,local_transverse,4.454347296253507,86,2.6019213192143122,12,3.5,1.6048099660422739
8,5,0.3,13,735932928284409593,hamiltonian_terms,5.062595033026967,158,2.6019213192143122,12,3.857142857142857,1.4009095734908612
8,5,0.3,13,735932928284409593,all_pauli,7.352441100243583,1560,2.6019213192143122,12,12.0,3.2235048491112677
8,5,0.3,14,535153809566496879,local_z,3.8501476017100584,47,4.343181365996449,15,2.875,0.9880164776778317
8,5,0.3,14,535153809566496879,local_transverse,4.74493212836325,115,4.343181365996449,15,4.25,1.4099796382254777
8,5,0.3,14,535153809566496879,hamiltonian_terms,5.393627546352362,220,4.343181365996449,15,5.285714285714286,2.0560813894461623
8,5,0.3,14,535153809566496879,all_pauli,8.404472321352118,4467,4.343181365996449,15,15.0,4.290269648168931
8,5,0.3,15,542969762419128680,local_z,3.295836866004329,27,3.5404003887027815,14,2.125,0.9808292530117262
8,5,0.3,15,542969762419128680,local_transverse,4.174387269895637,65,3.5404003887027815,14,3.625,1.7165360479904674
8,5,0.3,15,542969762419128680,hamiltonian_terms,4.976733742420574,145,3.5404003887027815,14,4.095238095238095,1.639843427202213
8,5,0.3,15,542969762419128680,all_pauli,7.576097340623111,1951,3.5404003887027815,14,14.0,3.6051906820678443
8,5,0.3,16,186831435643634133,local_z,3.9512437185814275,52,2.9685774697980505,17,3.125,1.0937413584335132
8,5,0.3,16,186831435643634133,local_transverse,4.8283137373023015,125,2.9685774697980505,17,4.125,1.4497917577490511
8,5,0.3,16,186831435643634133,hamiltonian_terms,5.480638923341991,240,2.9685774697980505,17,5.428571428571429,1.786125259630863
8,5,0.3,16,186831435643634133,all_pauli,6.8658910748834385,959,2.9685774697980505,17,17.0,3.1341117084914467
8,5,0.3,17,408355865917985766,local_z,3.828641396489095,46,3.7934703329533956,13,2.875,1.1694204228192762
8,5,0.3,17,408355865917985766,local_transverse,4.912654885736052,136,3.7934703329533956,13,4.6875,1.3611016830343325
8,5,0.3,17,408355865917985766,hamiltonian_terms,5.846438775057725,346,3.7934703329533956,13,5.523809523809524,2.2197453905324096
8,5,0.3,17,408355865917985766,all_pauli,7.665753431861699,2134,3.7934703329533956,13,13.0,3.6545052036446237
8,5,0.3,18,744821688476806624,local_z,3.295836866004329,27,3.477523858551769,12,1.875,0.9251186459977204
8,5,0.3,18,744821688476806624,local_transverse,4.624972813284271,102,3.477523858551769,12,3.5,1.7412965976711194
8,5,0.3,18,744821688476806624,hamiltonian_terms,5.288267030694535,198,3.477523858551769,12,4.190476190476191,1.8109149845178085
8,5,0.3,18,744821688476806624,all_pauli,7.1731917424865985,1304,3.477523858551769,12,12.0,3.0507674834287344
8,5,0.3,19,1020117148535771963,local_z,3.1780538303479458,24,2.8936424817460544,13,2.625,0.9808292530117262
8,5,0.3,19,1020117148535771963,local_transverse,4.442651256490317,85,2.8936424817460544,13,4.375,1.5843642748819844
8,5,0.3,19,1020117148535771963,hamiltonian_terms,4.90527477843843,135,2.8936424817460544,13,4.666666666666667,1.3788814287307651
8,5,0.3,19,1020117148535771963,all_pauli,6.263398262591624,525,2.8936424817460544,13,13.0,2.658429141522591
10,5,0.1,0,1086893022625558704,local_z,2.302585092994046,10,0.8723486100176563,3,0.1,0.05129329438755058
10,5,0.1,0,1086893022625558704,local_transverse,3.044522437723423,21,0.8723486100176563,3,0.45,0.25489224962879004
10,5,0.1,0,1086893022625558704,hamiltonian_terms,3.58351893845611,36,0.8723486100176563,3,0.5185185185185185,0.30010459245033816
10,5,0.1,0,1086893022625558704,all_pauli,4.204692619390966,67,0.8723486100176563,3,3.0,1.0761394328160512
10,5,0.1,1,115842815441400095,local_z,2.302585092994046,10,0.26706278524904525,1,0.1,0.05129329438755058
10,5,0.1,1,115842815441400095,local_transverse,2.9444389791664403,19,0.26706278524904525,1,0.15,0.0779615414697118
10,5,0.1,1,115842815441400095,hamiltonian_terms,3.332204510175204,28,0.26706278524904525,1,0.2222222222222222,0.11778303565638351
10,5,0.1,1,115842815441400095,all_pauli,3.4011973816621555,30,0.26706278524904525,1,1.0,0.3184537311185346
10,5,0.1,2,429502035402363168,local_z,2.5649493574615367,13,1.175729592012541,4,0.5,0.2876820724517809
10,5,0.1,2,429502035402363168,local_transverse,3.2188758248682006,25,1.175729592012541,4,0.65,0.35667494393873245
10,5,0.1,2,429502035402363168,hamiltonian_terms,3.8066624897703196,45,1.175729592012541,4,0.8888888888888888,0.5232481437645479
10,5,0.1,2,429502035402363168,all_pauli,4.406719247264253,82,1.175729592012541,4,4.0,1.190802341136191
10,5,0.1,3,662139924644649644,local_z,2.3978952727983707,11,1.114360645636249,4,0.3,0.16251892949777494
10,5,0.1,3,662139924644649644,local_transverse,3.295836866004329,27,1.114360645636249,4,0.75,0.4307829160924542
10,5,0.1,3,662139924644649644,hamiltonian_terms,3.7612001156935624,43,1.114360645636249,4,0.8148148148148148,0.46262352194811296
10,5,0.1,3,662139924644649644,all_pauli,4.343805421853684,77,1.114360645636249,4,4.0,1.0433496099930601
10,5,0.1,4,257949087476841577,local_z,2.3978952727983707,11,0.3746934494414107,1,0.3,0.16251892949777494
10,5,0.1,4,257949087476841577,local_transverse,3.1354942159291497,23,0.3746934494414107,1,0.35,0.19237189264745613
10,5,0.1,4,257949087476841577,hamiltonian_terms,3.4011973816621555,30,0.3746934494414107,1,0.2962962962962963,0.16034265007517937
10,5,0.1,4,257949087476841577,all_pauli,3.4011973816621555,30,0.3746934494414107,1,1.0,0.3184537311185346
10,5,0.1,5,312820857548754755,local_z,2.70805020110221,15,1.0966610685368479,4,0.8,0.3746934494414107
10,5,0.1,5,312820857548754755,local_transverse,3.4011973816621555,30,1.0966610685368479,4,0.7,0.33024168687057687
10,5,0.1,5,312820857548754755,hamiltonian_terms,3.9318256327243257,51,1.0966610685368479,4,0.9629629629629629,0.4849292794624113
10,5,0.1,5,312820857548754755,all_pauli,4.454347296253507,86,1.0966610685368479,4,4.0,1.2096708254405737
10,5,0.1,6,1082188070255232872,local_z,2.3978952727983707,11,1.017968799961183,4,0.2,0.10536051565782628
10,5,0.1,6,1082188070255232872,local_transverse,3.5263605246161616,34,1.017968799961183,4,1.05,0.5425743220805709
10,5,0.1,6,1082188070255232872,hamiltonian_terms,3.713572066704308,41,1.017968799961183,4,0.8518518518518519,0.3780661339200499
10,5,0.1,6,1082188070255232872,all_pauli,4.48863636973214,89,1.017968799961183,4,4.0,1.2049202226819757
10,5,0.1,7,960434295307752364,local_z,2.833213344056216,17,1.5243000341393342,5,1.0,0.531879032963823
10,5,0.1,7,960434295307752364,local_transverse,3.8918202981106265,49,1.5243000341393342,5,1.5,0.8855190732074014
10,5,0.1,7,960434295307752364,hamiltonian_terms,4.2626798770413155,71,1.5243000341393342,5,1.4814814814814814,0.8319836254141612
10,5,0.1,7,960434295307752364,all_pauli,4.574710978503383,97,1.5243000341393342,5,5.0,1.4691820209256583
10,5,0.1,8,916256536864919517,local_z,2.3978952727983707,11,1.1694204228192762,4,0.2,0.10536051565782628
10,5,0.1,8,916256536864919517,local_transverse,3.4011973816621555,30,1.1694204228192762,4,0.8,0.4700036292457356
10,5,0.1,8,916256536864919517,hamiltonian_terms,3.6375861597263857,38,1.1694204228192762,4,0.7407407407407407,0.3916717859758286
10,5,0.1,8,916256536864919517,all_pauli,4.356708826689592,78,1.1694204228192762,4,4.0,1.1274327272036018
10,5,0.1,9,603513472917499807,local_z,2.3978952727983707,11,0.3087354816496133,1,0.2,0.10536051565782628
10,5,0.1,9,603513472917499807,local_transverse,3.091042453358316,22,0.3087354816496133,1,0.3,0.16251892949777494
10,5,0.1,9,603513472917499807,hamiltonian_terms,3.4011973816621555,30,0.3087354816496133,1,0.2962962962962963,0.16034265007517937
10,5,0.1,9,603513472917499807,all_pauli,3.4965075614664802,33,0.3087354816496133,1,1.0,0.41689380393178715
10,5,0.1,10,649417177352165447,local_z,2.5649493574615367,13,1.8119821065911152,6,0.6,0.32158362412746233
10,5,0.1,10,649417177352165447,local_transverse,3.8501476017100584,47,1.8119821065911152,6,1.55,0.8410673106365675
10,5,0.1,10,649417177352165447,hamiltonian_terms,4.07753744390572,59,1.8119821065911152,6,1.3703703703703705,0.6456806433210216
10,5,0.1,10,649417177352165447,all_pauli,5.41610040220442,225,1.8119821065911152,6,6.0,1.6608059703819265
10,5,0.1,11,807820792516775037,local_z,2.3978952727983707,11,0.6325225587435105,2,0.3,0.16251892949777494
10,5,0.1,11,807820792516775037,local_transverse,3.1354942159291497,23,0.6325225587435105,2,0.45,0.2231435513142097
10,5,0.1,11,807820792516775037,hamiltonian_terms,3.6375861597263857,38,0.6325225587435105,2,0.6666666666666666,0.3780661339200499
10,5,0.1,11,807820792516775037,all_pauli,3.8918202981106265,49,0.6325225587435105,2,2.0,0.6706743247078867
10,5,0.1,12,1136619067934985586,local_z,2.4849066497880004,12,0.7452631816989593,3,0.4,0.2231435513142097
10,5,0.1,12,1136619067934985586,local_transverse,3.258096538021482,26,0.7452631816989593,3,0.65,0.33897536683933144
10,5,0.1,12,1136619067934985586,hamiltonian_terms,3.6375861597263857,38,0.7452631816989593,3,0.7777777777777778,0.40546510810816444
10,5,0.1,12,1136619067934985586,all_pauli,4.04305126783455,57,0.7452631816989593,3,3.0,0.9436502497699721
10,5,0.1,13,324867611748490055,local_z,2.3978952727983707,11,0.48258241145259567,2,0.2,0.10536051565782628
10,5,0.1,13,324867611748490055,local_transverse,2.995732273553991,20,0.48258241145259567,2,0.3,0.16251892949777494
10,5,0.1,13,324867611748490055,hamiltonian_terms,3.332204510175204,28,0.48258241145259567,2,0.37037037037037035,0.1823215567939546
10,5,0.1,13,324867611748490055,all_pauli,3.6888794541139363,40,0.48258241145259567,2,2.0,0.5455111817538806
10,5,0.1,14,1148777464729728499,local_z,2.995732273553991,20,2.467001501714497,8,1.1,0.5108256237659907
10,5,0.1,14,1148777464729728499,local_transverse,3.713572066704308,41,2.467001501714497,8,1.85,0.7395183977420675
10,5,0.1,14,1148777464729728499,hamiltonian_terms,4.30406509320417,74,2.467001501714497,8,2.0,0.6957547439670262
10,5,0.1,14,1148777464729728499,all_pauli,6.021023349349527,412,2.467001501714497,8,8.0,2.4077088942466953
10,5,0.1,15,685682926462544025,local_z,2.3978952727983707,11,2.0299076065575594,7,0.2,0.10536051565782628
10,5,0.1,15,685682926462544025,local_transverse,3.4011973816621555,30,2.0299076065575594,7,1.1,0.5753641449035618
10,5,0.1,15,685682926462544025,hamiltonian_terms,3.9318256327243257,51,2.0299076065575594,7,1.1111111111111112,0.5310913212255738
10,5,0.1,15,685682926462544025,all_pauli,5.7899601708972535,327,2.0299076065575594,7,7.0,1.9172067434526188
10,5,0.1,16,739814485351238671,local_z,2.3978952727983707,11,1.0152697429920179,4,0.2,0.10536051565782628
10,5,0.1,16,739814485351238671,local_transverse,3.091042453358316,22,1.0152697429920179,4,0.65,0.33897536683933144
10,5,0.1,16,739814485351238671,hamiltonian_terms,3.7376696182833684,42,1.0152697429920179,4,0.7777777777777778,0.3513978868378886
10,5,0.1,16,739814485351238671,all_pauli,4.564348191467836,96,1.0152697429920179,4,4.0,1.2940881672531568
10,5,0.1,17,237484635682482104,local_z,2.4849066497880004,12,1.6102927699081542,6,0.5,0.23889190828234896
10,5,0.1,17,237484635682482104,local_transverse,3.295836866004329,27,1.6102927699081542,6,1.0,0.4356022025284032
10,5,0.1,17,237484635682482104,hamiltonian_terms,3.8918202981106265,49,1.6102927699081542,6,1.3703703703703705,0.5625860512848208
10,5,0.1,17,237484635682482104,all_pauli,4.941642422609304,140,1.6102927699081542,6,6.0,1.5714608700460766
10,5,0.1,18,8230050452314546,local_z,2.833213344056216,17,1.3823957207042332,5,0.9,0.5108256237659907
10,5,0.1,18,8230050452314546,local_transverse,3.6109179126442243,37,1.3823957207042332,5,1.05,0.6443570163905132
10,5,0.1,18,8230050452314546,hamiltonian_terms,3.871201010907891,48,1.3823957207042332,5,1.037037037037037,0.5000810844830134
10,5,0.1,18,8230050452314546,all_pauli,4.8283137373023015,125,1.3823957207042332,5,5.0,1.615135933548738
10,5,0.1,19,994824648194521965,local_z,2.3978952727983707,11,1.3220000104144933,6,0.3,0.13353139262452263
10,5,0.1,19,994824648194521965,local_transverse,3.2188758248682006,25,1.3220000104144933,6,0.75,0.32158362412746233
10,5,0.1,19,994824648194521965,hamiltonian_terms,3.9512437185814275,52,1.3220000104144933,6,1.1111111111111112,0.5389965007326869
10,5,0.1,19,994824648194521965,all_pauli,5.332718793265369,207,1.3220000104144933,6,6.0,1.7284646188557413
10,5,0.2,0,993421357741458798,local_z,2.70805020110221,15,2.604445987582654,8,0.8,0.4700036292457356
10,5,0.2,0,993421357741458798,local_transverse,3.58351893845611,36,2.604445987582654,8,1.4,0.7057259627668054
10,5,0.2,0,993421357741458798,hamiltonian_terms,4.2626798770413155,71,2.604445987582654,8,1.7037037037037037,0.8908644228318734
10,5,0.2,0,993421357741458798,all_pauli,5.945420608606575,382,2.604445987582654,8,8.0,2.39156767806731
10,5,0.2,1,476168313183425493,local_z,3.295836866004329,27,2.4266400448801204,8,1.7,0.819561105415604
10,5,0.2,1,476168313183425493,local_transverse,3.9889840465642745,54,2.4266400448801204,8,1.95,0.8817383503674954
10,5,0.2,1,476168313183425493,hamiltonian_terms,4.394449154672439,81,2.4266400448801204,8,2.0,0.8386547642311836
10,5,0.2,1,476168313183425493,all_pauli,5.44673737166631,232,2.4266400448801204,8,8.0,1.8568663336602655
10,5,0.2,2,226919494921432134,local_z,3.6888794541139363,40,2.9851983510340907,10,2.1,1.0723964465372169
10,5,0.2,2,226919494921432134,local_transverse,4.718498871295094,112,2.9851983510340907,10,2.8,1.2881472999803663
10,5,0.2,2,226919494921432134,hamiltonian_terms,4.875197323201151,131,2.9851983510340907,10,2.6296296296296298,1.2281832800765353
10,5,0.2,2,226919494921432134,all_pauli,6.595780513961311,732,2.9851983510340907,10,10.0,3.232135848129204
10,5,0.2,3,846482923674040687,local_z,2.833213344056216,17,1.9651367703997773,7,1.0,0.531879032963823
10,5,0.2,3,846482923674040687,local_transverse,3.7376696182833684,42,1.9651367703997773,7,1.45,0.8556661100577202
10,5,0.2,3,846482923674040687,hamiltonian_terms,4.30406509320417,74,1.9651367703997773,7,1.6666666666666667,0.864418901167315
10,5,0.2,3,846482923674040687,all_pauli,4.948759890378168,141,1.9651367703997773,7,7.0,1.6834912532130102
10,5,0.2,4,315188452356126428,local_z,2.70805020110221,15,2.4137676453926376,11,0.8,0.4117347211217598
10,5,0.2,4,315188452356126428,local_transverse,3.7376696182833684,42,2.4137676453926376,11,2.05,0.8266785731844679
10,5,0.2,4,315188452356126428,hamiltonian_terms,4.553876891600541,95,2.4137676453926376,11,2.7777777777777777,1.2471364658787736
10,5,0.2,4,315188452356126428,all_pauli,6.061456918928017,429,2.4137676453926376,11,11.0,2.2106420490331855
10,5,0.2,5,702622297421135365,local_z,2.8903717578961645,18,1.3256697393034558,5,1.1,0.5004628367304442
10,5,0.2,5,702622297421135365,local_transverse,3.6888794541139363,40,1.3256697393034558,5,1.05,0.4902063365632549
10,5,0.2,5,702622297421135365,hamiltonian_terms,4.276666119016055,72,1.3256697393034558,5,1.4814814814814814,0.7308875085427924
10,5,0.2,5,702622297421135365,all_pauli,4.8283137373023015,125,1.3256697393034558,5,5.0,1.0433496099930601
10,5,0.2,6,757195955085190112,local_z,2.70805020110221,15,1.8323678635155891,9,0.9,0.35667494393873245
10,5,0.2,6,757195955085190112,local_transverse,3.713572066704308,41,1.8323678635155891,9,1.5,0.5753641449035618
10,5,0.2,6,757195955085190112,hamiltonian_terms,4.30406509320417,74,1.8323678635155891,9,1.8518518518518519,0.8373169713895238
10,5,0.2,6,757195955085190112,all_pauli,5.5134287461649825,248,1.8323678635155891,9,9.0,2.1654203940552765
10,5,0.2,7,784572968752847488,local_z,2.4849066497880004,12,1.4200612235907082,5,0.4,0.2231435513142097
10,5,0.2,7,784572968752847488,local_transverse,3.4339872044851463,31,1.4200612235907082,5,0.95,0.4902063365632549
10,5,0.2,7,784572968752847488,hamiltonian_terms,3.871201010907891,48,1.4200612235907082,5,0.9629629629629629,0.5232481437645479
10,5,0.2,7,784572968752847488,all_pauli,4.6443908991413725,104,1.4200612235907082,5,5.0,1.273574627420054
10,5,0.2,8,767106054434503336,local_z,2.5649493574615367,13,1.2931171362657072,6,0.7,0.32158362412746233
10,5,0.2,8,767106054434503336,local_transverse,3.58351893845611,36,1.2931171362657072,6,1.55,0.5479651707154474
10,5,0.2,8,767106054434503336,hamiltonian_terms,4.189654742026425,66,1.2931171362657072,6,1.8518518518518519,0.6308899053196251
10,5,0.2,8,767106054434503336,all_pauli,4.543294782270004,94,1.2931171362657072,6,6.0,1.1677066263415414
10,5,0.2,9,394347144507578303,local_z,3.2188758248682006,25,2.152348312487924,11,1.1,0.4023449807719208
10,5,0.2,9,394347144507578303,local_transverse,4.418840607796598,83,2.152348312487924,11,2.75,0.9320390888422942
10,5,0.2,9,394347144507578303,hamiltonian_terms,4.787491742782046,120,2.152348312487924,11,2.814814814814815,0.9677972556211502
10,5,0.2,9,394347144507578303,all_pauli,6.650279048587422,773,2.152348312487924,11,11.0,3.1349616872931514
10,5,0.2,10,284149480831600451,local_z,2.833213344056216,17,1.3555227024531369,5,0.9,0.5108256237659907
10,5,0.2,10,284149480831600451,local_transverse,3.6888794541139363,40,1.3555227024531369,5,1.15,0.6208265189803193
10,5,0.2,10,284149480831600451,hamiltonian_terms,4.110873864173311,61,1.3555227024531369,5,1.3333333333333333,0.665748206371831
10,5,0.2,10,284149480831600451,all_pauli,4.74493212836325,115,1.3555227024531369,5,5.0,1.2386583623138259
10,5,0.2,11,826528070151769167,local_z,2.3978952727983707,11,2.06297627866432,8,0.5,0.2076393647782445
10,5,0.2,11,826528070151769167,local_transverse,3.5263605246161616,34,2.06297627866432,8,1.2,0.6092656965792432
10,5,0.2,11,826528070151769167,hamiltonian_terms,4.23410650459726,69,2.06297627866432,8,1.5185185185185186,0.7024495732222589
10,5,0.2,11,826528070151769167,all_pauli,5.993961427306569,401,2.06297627866432,8,8.0,2.102431059904535
10,5,0.2,12,577733855655762330,local_z,3.4339872044851463,31,2.3439565548500827,8,1.5,0.6325225587435105
10,5,0.2,12,577733855655762330,local_transverse,4.204692619390966,67,2.3439565548500827,8,1.85,1.0061470609960161
10,5,0.2,12,577733855655762330,hamiltonian_terms,4.787491742782046,120,2.3439565548500827,8,1.8518518518518519,0.8214015160836241
10,5,0.2,12,577733855655762330,all_pauli,5.7430031878094825,312,2.3439565548500827,8,8.0,2.2293399117685637
10,5,0.2,13,646645904597747859,local_z,3.044522437723423,21,3.311829393404642,11,1.3,0.7444404749474959
10,5,0.2,13,646645904597747859,local_transverse,4.430816798843313,84,3.311829393404642,11,2.7,1.2451746452842716
10,5,0.2,13,646645904597747859,hamiltonian_terms,4.962844630259907,143,3.311829393404642,11,3.0,1.3685135657463332
10,5,0.2,13,646645904597747859,all_pauli,6.933423025730715,1026,3.311829393404642,11,11.0,2.7783760330549114
10,5,0.2,14,822321705242349390,local_z,3.58351893845611,36,3.89241603023321,15,2.2,0.8779718675720184
10,5,0.2,14,822321705242349390,local_transverse,4.68213122712422,108,3.89241603023321,15,3.4,1.3375041969504586
10,5,0.2,14,822321705242349390,hamiltonian_terms,5.560681631015528,260,3.89241603023321,15,4.481481481481482,1.6710870932200665
10,5,0.2,14,822321705242349390,all_pauli,8.249052274171293,3824,3.89241603023321,15,15.0,3.9793526903772345
10,5,0.2,15,39344954635171081,local_z,3.091042453358316,22,3.406490908702695,14,1.3,0.5753641449035618
10,5,0.2,15,39344954635171081,local_transverse,4.465908118654584,87,3.406490908702695,14,3.65,1.647253363430918
10,5,0.2,15,39344954635171081,hamiltonian_terms,5.111987788356544,166,3.406490908702695,14,3.6296296296296298,1.3834050207682853
10,5,0.2,15,39344954635171081,all_pauli,7.323170717943469,1515,3.406490908702695,14,14.0,3.3254028537741753
10,5,0.2,16,75568062598081252,local_z,3.5263605246161616,34,3.8911229881299443,13,2.4,1.13116776395263
10,5,0.2,16,75568062598081252,local_transverse,5.056245805348308,157,3.8911229881299443,13,3.75,1.5611826755389453
10,5,0.2,16,75568062598081252,hamiltonian_terms,5.3981627015177525,221,3.8911229881299443,13,4.0,1.5573943931698808
10,5,0.2,16,75568062598081252,all_pauli,7.7664168980196555,2360,3.8911229881299443,13,13.0,3.9997573554363037
10,5,0.2,17,552194016257144646,local_z,2.70805020110221,15,2.6139836920631425,13,1.6,0.32158362412746233
10,5,0.2,17,552194016257144646,local_transverse,3.8918202981106265,49,2.6139836920631425,13,2.35,0.6869166308093091
10,5,0.2,17,552194016257144646,hamiltonian_terms,4.418840607796598,83,2.6139836920631425,13,2.8518518518518516,0.8005674291807822
10,5,0.2,17,552194016257144646,all_pauli,5.973809611869261,393,2.6139836920631425,13,13.0,2.2178549619016668
10,5,0.2,18,954611247126266212,local_z,3.258096538021482,26,3.2227227074399116,11,1.8,0.8483400699656474
10,5,0.2,18,954611247126266212,local_transverse,4.382026634673881,80,3.2227227074399116,11,2.95,1.1884686177899708
10,5,0.2,18,954611247126266212,hamiltonian_terms,5.0689042022202315,159,3.2227227074399116,11,3.3703703703703702,1.4761506902417516
10,5,0.2,18,954611247126266212,all_pauli,6.923628628138427,1016,3.2227227074399116,11,11.0,3.4271607487178777
10,5,0.2,19,974155597805530218,local_z,2.6390573296152584,14,2.993537418386806,11,0.7,0.3930425881096072
10,5,0.2,19,974155597805530218,local_transverse,3.871201010907891,48,2.993537418386806,11,2.15,0.9808292530117262
10,5,0.2,19,974155597805530218,hamiltonian_terms,4.290459441148391,73,2.993537418386806,11,2.111111111111111,0.8943967472394188
10,5,0.2,19,974155597805530218,all_pauli,6.061456918928017,429,2.993537418386806,11,11.0,2.2862071624094837
10,5,0.3,0,1098791274954998393,local_z,2.833213344056216,17,2.2013223170843834,10,1.1,0.5533852381847867
10,5,0.3,0,1098791274954998393,local_transverse,4.30406509320417,74,2.2013223170843834,10,2.55,1.104881901681705
10,5,0.3,0,1098791274954998393,hamiltonian_terms,4.634728988229636,103,2.2013223170843834,10,2.4814814814814814,1.0644792822986513
10,5,0.3,0,1098791274954998393,all_pauli,5.484796933490655,241,2.2013223170843834,10,10.0,1.9478651838911167
10,5,0.3,1,924866048691170233,local_z,2.6390573296152584,14,3.213336993336727,15,1.1,0.24686007793152578
10,5,0.3,1,924866048691170233,local_transverse,4.543294782270004,94,3.213336993336727,15,4.25,1.4359442697637113
10,5,0.3,1,924866048691170233,hamiltonian_terms,4.948759890378168,141,3.213336993336727,15,3.925925925925926,0.9883808427756869
10,5,0.3,1,924866048691170233,all_pauli,6.71295620067707,823,3.213336993336727,15,15.0,3.177698779749506
10,5,0.3,2,381888930204095915,local_z,2.5649493574615367,13,3.842050872160174,19,0.9,0.2960503221222975
10,5,0.3,2,381888930204095915,local_transverse,3.8501476017100584,47,3.842050872160174,19,3.1,1.0453677741492975
10,5,0.3,2,381888930204095915,hamiltonian_terms,4.454347296253507,86,3.842050872160174,19,3.111111111111111,1.0644792822986513
10,5,0.3,2,381888930204095915,all_pauli,7.945201132412759,2822,3.842050872160174,19,19.0,3.666894998759987
10,5,0.3,3,853037335073215930,local_z,3.4657359027997265,32,3.9356723956272868,17,3.1,0.805148622044833
10,5,0.3,3,853037335073215930,local_transverse,5.220355825078324,185,3.9356723956272868,17,5.05,1.10966558351953
10,5,0.3,3,853037335073215930,hamiltonian_terms,5.796057750765372,329,3.9356723956272868,17,5.296296296296297,1.1337163242177766
10,5,0.3,3,853037335073215930,all_pauli,7.818430272070656,2486,3.9356723956272868,17,17.0,3.9534559137706378
10,5,0.3,4,962594230279113873,local_z,2.995732273553991,20,3.454809485973503,14,1.5,0.4489762620536599
10,5,0.3,4,962594230279113873,local_transverse,4.248495242049359,70,3.454809485973503,14,3.1,1.080419412208216
10,5,0.3,4,962594230279113873,hamiltonian_terms,4.990432586778736,147,3.454809485973503,14,3.5925925925925926,1.2644045435108537
10,5,0.3,4,962594230279113873,all_pauli,6.940222469119639,1033,3.454809485973503,14,14.0,3.1792308366686597
10,5,0.3,5,496483991087746137,local_z,3.784189633918261,44,4.706386473043475,22,2.3,1.2039728043259361
10,5,0.3,5,496483991087746137,local_transverse,5.501258210544727,245,4.706386473043475,22,5.5,2.2967428173698172
10,5,0.3,5,496483991087746137,hamiltonian_terms,5.820082930352362,337,4.706386473043475,22,4.962962962962963,1.7948022883547385
10,5,0.3,5,496483991087746137,all_pauli,8.52912176228151,5060,4.706386473043475,22,22.0,4.45540799764757
10,5,0.3,6,475705349056500497,local_z,3.8501476017100584,47,3.4878872487016896,17,3.1,1.109610042877651
10,5,0.3,6,475705349056500497,local_transverse,4.948759890378168,141,3.4878872487016896,17,4.4,1.3976871380483749
10,5,0.3,6,475705349056500497,hamiltonian_terms,5.631211781821365,279,3.4878872487016896,17,4.888888888888889,1.703537164827422
10,5,0.3,6,475705349056500497,all_pauli,7.681099001536359,2167,3.4878872487016896,17,17.0,3.76981288558658
10,5,0.3,7,205597795422868906,local_z,3.2188758248682006,25,3.1106267822062668,19,2.3,0.8124939381925116
10,5,0.3,7,205597795422868906,local_transverse,4.1588830833596715,64,3.1106267822062668,19,4.35,1.2519820235122965
10,5,0.3,7,205597795422868906,hamiltonian_terms,5.062595033026967,158,3.1106267822062668,19,5.148148148148148,1.4240346891027378
10,5,0.3,7,205597795422868906,all_pauli,7.6787889981991535,2162,3.1106267822062668,19,19.0,4.114771052404132
10,5,0.3,8,818876998680417945,local_z,2.9444389791664403,19,3.207945634805918,13,1.7,0.6208265189803193
10,5,0.3,8,818876998680417945,local_transverse,4.04305126783455,57,3.207945634805918,13,2.6,1.1631508098056809
10,5,0.3,8,818876998680417945,hamiltonian_terms,4.663439094112067,106,3.207945634805918,13,3.0,0.9823736548631005
10,5,0.3,8,818876998680417945,all_pauli,6.6293632534374485,757,3.207945634805918,13,13.0,3.359381562966966
10,5,0.3,9,473655832220294602,local_z,2.833213344056216,17,2.786726274076774,14,1.2,0.5212969236332861
10,5,0.3,9,473655832220294602,local_transverse,3.7612001156935624,43,2.786726274076774,14,2.75,0.8410673106365675
10,5,0.3,9,473655832220294602,hamiltonian_terms,4.382026634673881,80,2.786726274076774,14,3.1481481481481484,0.9568143768078524
10,5,0.3,9,473655832220294602,all_pauli,6.612041034833092,744,2.786726274076774,14,14.0,2.776502621560917
10,5,0.3,10,1013228065217233960,local_z,2.8903717578961645,18,2.9802280870180256,12,1.3,0.5978370007556204
10,5,0.3,10,1013228065217233960,local_transverse,4.04305126783455,57,2.9802280870180256,12,2.4,0.9891975026822428
10,5,0.3,10,1013228065217233960,hamiltonian_terms,4.543294782270004,94,2.9802280870180256,12,2.8518518518518516,1.0461911583045027
10,5,0.3,10,1013228065217233960,all_pauli,6.352629396319567,574,2.9802280870180256,12,12.0,2.687206275403463
10,5,0.3,11,63989711117361234,local_z,2.772588722239781,16,3.945750411606666,15,1.8,0.4023449807719208
10,5,0.3,11,63989711117361234,local_transverse,3.7612001156935624,43,3.945750411606666,15,2.8,0.9280786876261973
10,5,0.3,11,63989711117361234,hamiltonian_terms,4.61512051684126,101,3.945750411606666,15,3.2222222222222223,1.1375552626167171
10,5,0.3,11,63989711117361234,all_pauli,7.980023592310645,2922,3.945750411606666,15,15.0,4.265388509227641
10,5,0.3,12,403300193854150490,local_z,3.332204510175204,28,4.03725545111719,15,2.3,0.7610246029630312
10,5,0.3,12,403300193854150490,local_transverse,4.634728988229636,103,4.03725545111719,15,4.05,1.634154939385
10,5,0.3,12,403300193854150490,hamiltonian_terms,4.852030263919617,128,4.03725545111719,15,3.6296296296296298,1.2500359321395025
10,5,0.3,12,403300193854150490,all_pauli,8.233768709217097,3766,4.03725545111719,15,15.0,4.2830730967381925
10,5,0.3,13,572796146414259837,local_z,2.70805020110221,15,2.8376482123914797,12,0.7,0.2711527705005704
10,5,0.3,13,572796146414259837,local_transverse,4.060443010546419,58,2.8376482123914797,12,2.3,1.0409331770814316
10,5,0.3,13,572796146414259837,hamiltonian_terms,4.51085950651685,91,2.8376482123914797,12,2.5555555555555554,0.7954260296803635
10,5,0.3,13,572796146414259837,all_pauli,6.655440350367647,777,2.8376482123914797,12,12.0,2.8213433756760904
10,5,0.3,14,896899847480138649,local_z,3.6109179126442243,37,3.5181091386668473,12,2.1,0.916290731874155
10,5,0.3,14,896899847480138649,local_transverse,4.532599493153256,93,3.5181091386668473,12,2.9,1.4052223710054095
10,5,0.3,14,896899847480138649,hamiltonian_terms,5.220355825078324,185,3.5181091386668473,12,3.4814814814814814,1.603955284359154
10,5,0.3,14,896899847480138649,all_pauli,6.980075940561763,1075,3.5181091386668473,12,12.0,3.471791130562206
10,5,0.3,15,282403817330689366,local_z,2.9444389791664403,19,3.601152441732226,17,1.5,0.4046841631250929
10,5,0.3,15,282403817330689366,local_transverse,4.110873864173311,61,3.601152441732226,17,2.65,0.9182457667099584
10,5,0.3,15,282403817330689366,hamiltonian_terms,4.700480365792417,110,3.601152441732226,17,3.5185185185185186,1.1696533872932477
10,5,0.3,15,282403817330689366,all_pauli,7.436617265234227,1697,3.601152441732226,17,17.0,3.5350205173265534
10,5,0.3,16,830767248487328979,local_z,3.5553480614894135,35,3.1545886284924247,15,3.5,1.109610042877651
10,5,0.3,16,830767248487328979,local_transverse,4.804021044733257,122,3.1545886284924247,15,5.15,1.5488132906176655
10,5,0.3,16,830767248487328979,hamiltonian_terms,5.19295685089021,180,3.1545886284924247,15,5.7407407407407405,1.3782251530714433
10,5,0.3,16,830767248487328979,all_pauli,6.922643891475888,1015,3.1545886284924247,15,15.0,3.1806317241263398
10,5,0.3,17,541954527242576837,local_z,3.4965075614664802,33,4.536421484933314,20,2.2,0.9808292530117262
10,5,0.3,17,541954527242576837,local_transverse,4.941642422609304,140,4.536421484933314,20,4.8,1.6865552157785317
10,5,0.3,17,541954527242576837,hamiltonian_terms,5.429345628954441,228,4.536421484933314,20,4.925925925925926,1.3426984397169104
10,5,0.3,17,541954527242576837,all_pauli,8.081475040137052,3234,4.536421484933314,20,20.0,3.9756870717731956
10,5,0.3,18,1017273401619160840,local_z,3.2188758248682006,25,3.0445262524279646,13,2.1,0.8556661100577202
10,5,0.3,18,1017273401619160840,local_transverse,4.605170185988092,100,3.0445262524279646,13,3.65,1.2151022154377806
10,5,0.3,18,1017273401619160840,hamiltonian_terms,4.90527477843843,135,3.0445262524279646,13,3.5185185185185186,1.2906159831155772
10,5,0.3,18,1017273401619160840,all_pauli,7.15305163493748,1278,3.0445262524279646,13,13.0,3.383455752516332
10,5,0.3,19,222143398005110630,local_z,3.58351893845611,36,4.078345174550431,16,2.5,0.930056927638303
10,5,0.3,19,222143398005110630,local_transverse,5.231108616854587,187,4.078345174550431,16,4.6,1.842949972846126
10,5,0.3,19,222143398005110630,hamiltonian_terms,5.44673737166631,232,4.078345174550431,16,4.111111111111111,1.529461980494287
10,5,0.3,19,222143398005110630,all_pauli,8.286521373681236,3970,4.078345174550431,16,16.0,4.37171235660541
12,4,0.1,0,326916184142820855,local_z,2.772588722239781,16,1.311070939882303,5,0.5,0.2876820724517809
12,4,0.1,0,326916184142820855,local_transverse,3.4011973816621555,30,1.311070939882303,5,0.625,0.30166831442652076
12,4,0.1,0,326916184142820855,hamiltonian_terms,3.871201010907891,48,1.311070939882303,5,0.7575757575757576,0.40546510810816444
12,4,0.1,0,326916184142820855,all_pauli,4.941642422609304,140,1.311070939882303,5,5.0,1.4020427180880297
12,4,0.1,1,270717881608531131,local_z,2.5649493574615367,13,2.1650334720152395,6,0.3333333333333333,0.15762894420358317
12,4,0.1,1,270717881608531131,local_transverse,3.6888794541139363,40,2.1650334720152395,6,1.0833333333333333,0.530107553315441
12,4,0.1,1,270717881608531131,hamiltonian_terms,3.9889840465642745,54,2.1650334720152395,6,0.9090909090909091,0.41689380393178715
12,4,0.1,1,270717881608531131,all_pauli,5.214935757608986,184,2.1650334720152395,6,6.0,2.2094078681398623
12,4,0.1,2,14487186904829397,local_z,2.5649493574615367,13,0.9602099658089905,5,0.4166666666666667,0.13353139262452263
12,4,0.1,2,14487186904829397,local_transverse,3.2188758248682006,25,0.9602099658089905,5,0.5416666666666666,0.15762894420358317
12,4,0.1,2,14487186904829397,hamiltonian_terms,3.6109179126442243,37,0.9602099658089905,5,0.7272727272727273,0.1823215567939546
12,4,0.1,2,14487186904829397,all_pauli,4.07753744390572,59,0.9602099658089905,5,5.0,1.0147308046874075
12,4,0.1,3,550552074415598506,local_z,3.258096538021482,26,1.7539106401872162,6,1.3333333333333333,0.7195339357331402
12,4,0.1,3,550552074415598506,local_transverse,4.110873864173311,61,1.7539106401872162,6,1.4583333333333333,0.7493868988828214
12,4,0.1,3,550552074415598506,hamiltonian_terms,4.454347296253507,86,1.7539106401872162,6,1.5757575757575757,0.7337324606750236
12,4,0.1,3,550552074415598506,all_pauli,4.969813299576001,144,1.7539106401872162,6,6.0,1.6113929472699038
12,4,0.1,4,721082371106199053,local_z,2.4849066497880004,12,0.5278976076646381,2,0.16666666666666666,0.08701137698962981
12,4,0.1,4,721082371106199053,local_transverse,3.1780538303479458,24,0.5278976076646381,2,0.2916666666666667,0.12169693497751982
12,4,0.1,4,721082371106199053,hamiltonian_terms,3.5553480614894135,35,0.5278976076646381,2,0.3939393939393939,0.1643030512912763
12,4,0.1,4,721082371106199053,all_pauli,3.58351893845611,36,0.5278976076646381,2,2.0,0.5212969236332861
12,4,0.1,5,1043796930122034233,local_z,2.4849066497880004,12,2.2539809580317356,7,0.16666666666666666,0.08701137698962981
12,4,0.1,5,1043796930122034233,local_transverse,3.332204510175204,28,2.2539809580317356,7,0.6666666666666666,0.3746934494414107
12,4,0.1,5,1043796930122034233,hamiltonian_terms,3.9512437185814275,52,2.2539809580317356,7,0.9090909090909091,0.4639613147897729
12,4,0.1,5,1043796930122034233,all_pauli,5.568344503761097,262,2.2539809580317356,7,7.0,2.2129729343043585
12,4,0.1,6,810151914199202653,local_z,2.3978952727983707,11,0.6035350218702582,2,0.0,-0.0
12,4,0.1,6,810151914199202653,local_transverse,3.091042453358316,22,0.6035350218702582,2,0.16666666666666666,0.08701137698962981
12,4,0.1,6,810151914199202653,hamiltonian_terms,3.4965075614664802,33,0.6035350218702582,2,0.24242424242424243,0.11211729812070612
12,4,0.1,6,810151914199202653,all_pauli,3.6635616461296463,39,0.6035350218702582,2,2.0,0.5533852381847867
12,4,0.1,7,1012057022540441519,local_z,2.3978952727983707,11,0.9007865453381898,3,0.0,-0.0
12,4,0.1,7,1012057022540441519,local_transverse,3.1780538303479458,24,0.9007865453381898,3,0.3333333333333333,0.1823215567939546
12,4,0.1,7,1012057022540441519,hamiltonian_terms,3.6109179126442243,37,0.9007865453381898,3,0.36363636363636365,0.1823215567939546
12,4,0.1,7,1012057022540441519,all_pauli,4.0943445622221,60,0.9007865453381898,3,3.0,1.0861897686695525
12,4,0.1,8,1052541638313883391,local_z,2.3978952727983707,11,0.5212969236332861,2,0.08333333333333333,0.04255961441879589
12,4,0.1,8,1052541638313883391,local_transverse,3.2188758248682006,25,0.5212969236332861,2,0.20833333333333334,0.11000089521432846
12,4,0.1,8,1052541638313883391,hamiltonian_terms,3.5553480614894135,35,0.5212969236332861,2,0.24242424242424243,0.12921173148000623
12,4,0.1,8,1052541638313883391,all_pauli,3.8501476017100584,47,0.5212969236332861,2,2.0,0.7985076962177716
12,4,0.1,9,790340132163724333,local_z,2.8903717578961645,18,2.594589644956508,10,1.1666666666666667,0.3899609215721991
12,4,0.1,9,790340132163724333,local_transverse,3.8501476017100584,47,2.594589644956508,10,1.9166666666666667,0.7688590022956416
12,4,0.1,9,790340132163724333,hamiltonian_terms,4.204692619390966,67,2.594589644956508,10,1.696969696969697,0.6183630301398759
12,4,0.1,9,790340132163724333,all_pauli,5.655991810819852,286,2.594589644956508,10,10.0,2.0759320820435607
12,4,0.1,10,1119561021501781171,local_z,2.3978952727983707,11,0.7830035096818063,3,0.08333333333333333,0.04255961441879589
12,4,0.1,10,1119561021501781171,local_transverse,3.295836866004329,27,0.7830035096818063,3,0.4583333333333333,0.2336148511815052
12,4,0.1,10,1119561021501781171,hamiltonian_terms,3.784189633918261,44,0.7830035096818063,3,0.6060606060606061,0.32892503098583
12,4,0.1,10,1119561021501781171,all_pauli,3.871201010907891,48,0.7830035096818063,3,3.0,0.7057259627668054
12,4,0.1,11,168881306359577082,local_z,2.3978952727983707,11,0.930056927638303,5,0.25,0.04255961441879589
12,4,0.1,11,168881306359577082,local_transverse,3.4965075614664802,33,0.930056927638303,5,0.9583333333333334,0.3746934494414107
12,4,0.1,11,168881306359577082,hamiltonian_terms,3.6375861597263857,38,0.930056927638303,5,0.7272727272727273,0.1914540403572271
12,4,0.1,11,168881306359577082,all_pauli,4.02535169073515,56,0.930056927638303,5,5.0,0.9642999510605157
12,4,0.1,12,467562561870682936,local_z,2.833213344056216,17,1.5939337258981352,5,0.75,0.30166831442652076
12,4,0.1,12,467562561870682936,local_transverse,3.713572066704308,41,1.5939337258981352,5,1.1666666666666667,0.5753641449035618
12,4,0.1,12,467562561870682936,hamiltonian_terms,4.0943445622221,60,1.5939337258981352,5,1.0909090909090908,0.5422485361190643
12,4,0.1,12,467562561870682936,all_pauli,4.997212273764115,148,1.5939337258981352,5,5.0,1.7165360479904674
12,4,0.1,13,1044181089749732945,local_z,2.4849066497880004,12,0.9400072584914712,3,0.16666666666666666,0.08701137698962981
12,4,0.1,13,1044181089749732945,local_transverse,3.4657359027997265,32,0.9400072584914712,3,0.625,0.33024168687057687
12,4,0.1,13,1044181089749732945,hamiltonian_terms,3.713572066704308,41,0.9400072584914712,3,0.5454545454545454,0.2578291093020998
12,4,0.1,13,1044181089749732945,all_pauli,3.9318256327243257,51,0.9400072584914712,3,3.0,0.8630462173553428
12,4,0.1,14,352705092209575594,local_z,2.3978952727983707,11,0.7088955375280844,3,0.08333333333333333,0.04255961441879589
12,4,0.1,14,352705092209575594,local_transverse,3.091042453358316,22,0.7088955375280844,3,0.20833333333333334,0.11000089521432846
12,4,0.1,14,352705092209575594,hamiltonian_terms,3.6109179126442243,37,0.7088955375280844,3,0.30303030303030304,0.1643030512912763
12,4,0.1,14,352705092209575594,all_pauli,3.9512437185814275,52,0.7088955375280844,3,3.0,0.6931471805599453
12,4,0.1,15,517759558725302070,local_z,2.6390573296152584,14,2.2715767199221153,7,0.5,0.16989903679539747
12,4,0.1,15,517759558725302070,local_transverse,3.4657359027997265,32,2.2715767199221153,7,1.0416666666666667,0.4700036292457356
12,4,0.1,15,517759558725302070,hamiltonian_terms,3.970291913552122,53,2.2715767199221153,7,0.9696969696969697,0.40262822677296467
12,4,0.1,15,517759558725302070,all_pauli,5.2574953720277815,192,2.2715767199221153,7,7.0,2.018816919863401
12,4,0.1,16,751129083788421406,local_z,2.6390573296152584,14,1.4571024952710572,5,0.3333333333333333,0.1823215567939546
12,4,0.1,16,751129083788421406,local_transverse,3.258096538021482,26,1.4571024952710572,5,0.4583333333333333,0.22054276961415234
12,4,0.1,16,751129083788421406,hamiltonian_terms,3.7376696182833684,42,1.4571024952710572,5,0.6060606060606061,0.30809094408298804
12,4,0.1,16,751129083788421406,all_pauli,4.418840607796598,83,1.4571024952710572,5,5.0,1.2357215026405162
12,4,0.1,17,164287263401846882,local_z,2.772588722239781,16,2.3815500938418404,9,0.5,0.2876820724517809
12,4,0.1,17,164287263401846882,local_transverse,3.828641396489095,46,2.3815500938418404,9,1.5416666666666667,0.7195339357331402
12,4,0.1,17,164287263401846882,hamiltonian_terms,4.430816798843313,84,2.3815500938418404,9,1.6363636363636365,0.7064934225128399
12,4,0.1,17,164287263401846882,all_pauli,6.375024819828097,587,2.3815500938418404,9,9.0,2.4552720009083218
12,4,0.1,18,678590287218088513,local_z,2.6390573296152584,14,0.6510759666392583,3,0.3333333333333333,0.1823215567939546
12,4,0.1,18,678590287218088513,local_transverse,3.332204510175204,28,0.6510759666392583,3,0.4583333333333333,0.22054276961415234
12,4,0.1,18,678590287218088513,hamiltonian_terms,3.713572066704308,41,0.6510759666392583,3,0.5454545454545454,0.2578291093020998
12,4,0.1,18,678590287218088513,all_pauli,3.970291913552122,53,0.6510759666392583,3,3.0,0.8931236725926207
12,4,0.1,19,686234034369864529,local_z,2.5649493574615367,13,1.2343783190940487,4,0.25,0.13353139262452263
12,4,0.1,19,686234034369864529,local_transverse,3.2188758248682006,25,1.2343783190940487,4,0.2916666666666667,0.15762894420358317
12,4,0.1,19,686234034369864529,hamiltonian_terms,3.7612001156935624,43,1.2343783190940487,4,0.5454545454545454,0.29783444391579894
12,4,0.1,19,686234034369864529,all_pauli,4.61512051684126,101,1.2343783190940487,4,4.0,1.5786662537673468
12,4,0.2,0,99400800884524648,local_z,2.4849066497880004,12,1.723352706969565,6,0.16666666666666666,0.08701137698962981
12,4,0.2,0,99400800884524648,local_transverse,3.258096538021482,26,1.723352706969565,6,0.625,0.30166831442652076
12,4,0.2,0,99400800884524648,hamiltonian_terms,3.8501476017100584,47,1.723352706969565,6,0.7878787878787878,0.3997993705724871
12,4,0.2,0,99400800884524648,all_pauli,4.804021044733257,122,1.723352706969565,6,6.0,1.710035483387374
12,4,0.2,1,17463842399248892,local_z,2.4849066497880004,12,1.6533571463689358,8,0.3333333333333333,0.13353139262452263
12,4,0.2,1,17463842399248892,local_transverse,3.6635616461296463,39,1.6533571463689358,8,1.1666666666666667,0.40546510810816444
12,4,0.2,1,17463842399248892,hamiltonian_terms,4.060443010546419,58,1.6533571463689358,8,1.2727272727272727,0.45198512374305727
12,4,0.2,1,17463842399248892,all_pauli,4.948759890378168,141,1.6533571463689358,8,8.0,2.00712088010021
12,4,0.2,2,945828969529540640,local_z,2.833213344056216,17,1.9431673319882108,9,0.8333333333333334,0.3596555720768702
12,4,0.2,2,945828969529540640,local_transverse,3.871201010907891,48,1.9431673319882108,9,1.625,0.5940562779157144
12,4,0.2,2,945828969529540640,hamiltonian_terms,4.394449154672439,81,1.9431673319882108,9,1.7878787878787878,0.6762453697573421
12,4,0.2,2,945828969529540640,all_pauli,5.442417710521793,231,1.9431673319882108,9,9.0,1.9969978724687614
12,4,0.2,3,271662531726733820,local_z,3.044522437723423,21,3.524108576072744,16,1.4166666666666667,0.4953214372300254
12,4,0.2,3,271662531726733820,local_transverse,4.1588830833596715,64,3.524108576072744,16,3.0833333333333335,0.8523016780723656
12,4,0.2,3,271662531726733820,hamiltonian_terms,5.0369526024136295,154,3.524108576072744,16,3.8484848484848486,1.2252680222542416
12,4,0.2,3,271662531726733820,all_pauli,7.4360278163518485,1696,3.524108576072744,16,16.0,3.814005976644728
12,4,0.2,4,281442386421321000,local_z,3.4011973816621555,30,3.4492406210224824,12,1.6666666666666667,0.6770021737521307
12,4,0.2,4,281442386421321000,local_transverse,4.477336814478207,88,3.4492406210224824,12,2.5,1.0467576284383517
12,4,0.2,4,281442386421321000,hamiltonian_terms,5.220355825078324,185,3.4492406210224824,12,2.878787878787879,1.0373611920050323
12,4,0.2,4,281442386421321000,all_pauli,7.372118028337787,1591,3.4492406210224824,12,12.0,3.3153940857933244
12,4,0.2,5,913435619761802632,local_z,2.772588722239781,16,3.0750275799374065,11,0.5833333333333334,0.30166831442652076
12,4,0.2,5,913435619761802632,local_transverse,3.6635616461296463,39,3.0750275799374065,11,1.2916666666666667,0.6827843935243987
12,4,0.2,5,913435619761802632,hamiltonian_terms,4.430816798843313,84,3.0750275799374065,11,1.6363636363636365,0.8868974331775227
12,4,0.2,5,913435619761802632,all_pauli,7.188412736496954,1324,3.0750275799374065,11,11.0,3.822410846738459
12,4,0.2,6,789436323080691519,local_z,2.833213344056216,17,2.4913973957402478,8,0.5833333333333334,0.3448404862917295
12,4,0.2,6,789436323080691519,local_transverse,3.7612001156935624,43,2.4913973957402478,8,1.3333333333333333,0.6227663837981458
12,4,0.2,6,789436323080691519,hamiltonian_terms,4.465908118654584,87,2.4913973957402478,8,1.6363636363636365,0.6950429157248446
12,4,0.2,6,789436323080691519,all_pauli,5.407171771460119,223,2.4913973957402478,8,8.0,2.1408599354811635
12,4,0.2,7,959802156514811550,local_z,2.995732273553991,20,3.889108272154549,14,1.0,0.48681074756211673
12,4,0.2,7,959802156514811550,local_transverse,4.5217885770490405,92,3.889108272154549,14,2.7083333333333335,1.0556051832425175
12,4,0.2,7,959802156514811550,hamiltonian_terms,5.0238805208462765,152,3.889108272154549,14,2.6666666666666665,1.1107596334626546
12,4,0.2,7,959802156514811550,all_pauli,8.009695357742922,3010,3.889108272154549,14,14.0,3.97804781935391
12,4,0.2,8,587651339590311109,local_z,2.6390573296152584,14,2.273353445293266,8,0.4166666666666667,0.1949003390008148
12,4,0.2,8,587651339590311109,local_transverse,3.295836866004329,27,2.273353445293266,8,0.7916666666666666,0.38229804882663004
12,4,0.2,8,587651339590311109,hamiltonian_terms,4.1588830833596715,64,2.273353445293266,8,1.3333333333333333,0.6632942174102642
12,4,0.2,8,587651339590311109,all_pauli,5.746203190540153,313,2.273353445293266,8,8.0,2.2689765529920924
12,4,0.2,9,328060030995753680,local_z,2.833213344056216,17,2.2447216326189388,9,0.8333333333333334,0.3746934494414107
12,4,0.2,9,328060030995753680,local_transverse,3.713572066704308,41,2.2447216326189388,9,1.625,0.5987844191116605
12,4,0.2,9,328060030995753680,hamiltonian_terms,4.219507705176107,68,2.2447216326189388,9,1.606060606060606,0.5787368293822012
12,4,0.2,9,328060030995753680,all_pauli,5.5053315359323625,246,2.2447216326189388,9,9.0,2.1952733572049574
12,4,0.2,10,645145191346152312,local_z,2.9444389791664403,19,3.181783923033145,10,0.75,0.40546510810816444
12,4,0.2,10,645145191346152312,local_transverse,3.7376696182833684,42,3.181783923033145,10,1.4166666666666667,0.6623755218931916
12,4,0.2,10,645145191346152312,hamiltonian_terms,4.532599493153256,93,3.181783923033145,10,1.8484848484848484,0.8868974331775227
12,4,0.2,10,645145191346152312,all_pauli,6.295266001439646,542,3.181783923033145,10,10.0,2.931437922848594
12,4,0.2,11,259666555014285559,local_z,2.8903717578961645,18,1.7825248957056852,7,0.6666666666666666,0.27388875031944515
12,4,0.2,11,259666555014285559,local_transverse,3.713572066704308,41,1.7825248957056852,7,0.9583333333333334,0.44531101665536404
12,4,0.2,11,259666555014285559,hamiltonian_terms,4.1588830833596715,64,1.7825248957056852,7,1.1515151515151516,0.5586692663313918
12,4,0.2,11,259666555014285559,all_pauli,5.389071729816501,219,1.7825248957056852,7,7.0,1.6113929472699038
12,4,0.2,12,1066045740573080254,local_z,3.1354942159291497,23,3.369117098084515,18,1.1666666666666667,0.5753641449035618
12,4,0.2,12,1066045740573080254,local_transverse,4.110873864173311,61,3.369117098084515,18,3.0416666666666665,1.1466215078544704
12,4,0.2,12,1066045740573080254,hamiltonian_terms,4.77912349311153,119,3.369117098084515,18,3.3333333333333335,1.1571084953497182
12,4,0.2,12,1066045740573080254,all_pauli,7.616775808698373,2032,3.369117098084515,18,18.0,3.8745268478774726
12,4,0.2,13,272896289204104915,local_z,2.772588722239781,16,1.5021261766450122,5,0.5,0.2336148511815052
12,4,0.2,13,272896289204104915,local_transverse,3.6109179126442243,37,1.5021261766450122,5,0.8333333333333334,0.42121346507630353
12,4,0.2,13,272896289204104915,hamiltonian_terms,3.912023005428146,50,1.5021261766450122,5,0.8484848484848485,0.4342855466436564
12,4,0.2,13,272896289204104915,all_pauli,4.477336814478207,88,1.5021261766450122,5,5.0,1.2796846260616324
12,4,0.2,14,754958175375944767,local_z,3.1354942159291497,23,4.354519205244994,14,1.0833333333333333,0.5389965007326869
12,4,0.2,14,754958175375944767,local_transverse,3.9318256327243257,51,4.354519205244994,14,2.0416666666666665,0.8507761247635285
12,4,0.2,14,754958175375944767,hamiltonian_terms,5.003946305945459,149,4.354519205244994,14,2.757575757575758,1.2289021873684614
12,4,0.2,14,754958175375944767,all_pauli,7.643003635560718,2086,4.354519205244994,14,14.0,3.557570683493333
12,4,0.2,15,842141612696721183,local_z,2.833213344056216,17,2.701904573435613,14,0.5833333333333334,0.24686007793152578
12,4,0.2,15,842141612696721183,local_transverse,3.6109179126442243,37,2.701904573435613,14,2.0416666666666665,0.6573377278632345
12,4,0.2,15,842141612696721183,hamiltonian_terms,4.330733340286331,76,2.701904573435613,14,2.090909090909091,0.7175912444956384
12,4,0.2,15,842141612696721183,all_pauli,6.535241271013659,689,2.701904573435613,14,14.0,2.9064549923580847
12,4,0.2,16,735513439955217080,local_z,2.833213344056216,17,2.527614882586917,13,1.0833333333333333,0.3448404862917295
12,4,0.2,16,735513439955217080,local_transverse,3.6109179126442243,37,2.527614882586917,13,2.25,0.6423748551865222
12,4,0.2,16,735513439955217080,hamiltonian_terms,4.430816798843313,84,2.527614882586917,13,2.5454545454545454,0.8868974331775227
12,4,0.2,16,735513439955217080,all_pauli,6.1224928095143865,456,2.527614882586917,13,13.0,2.90299998752806
12,4,0.2,17,423334560641433767,local_z,2.5649493574615367,13,2.731454276537481,11,0.3333333333333333,0.15762894420358317
12,4,0.2,17,423334560641433767,local_transverse,3.58351893845611,36,2.731454276537481,11,1.2916666666666667,0.4953214372300254
12,4,0.2,17,423334560641433767,hamiltonian_terms,4.219507705176107,68,2.731454276537481,11,1.5757575757575757,0.6201220455450555
12,4,0.2,17,423334560641433767,all_pauli,5.8971538676367405,364,2.731454276537481,11,11.0,2.622015863760407
12,4,0.2,18,948774051723407902,local_z,3.258096538021482,26,2.085809429962539,9,1.25,0.7036184804272406
12,4,0.2,18,948774051723407902,local_transverse,3.784189633918261,44,2.085809429962539,9,1.4583333333333333,0.7411563997463059
12,4,0.2,18,948774051723407902,hamiltonian_terms,4.418840607796598,83,2.085809429962539,9,1.7878787878787878,0.8823102691706166
12,4,0.2,18,948774051723407902,all_pauli,5.87493073085203,356,2.085809429962539,9,9.0,2.3935103693048116
12,4,0.2,19,85934885499474492,local_z,2.3978952727983707,11,1.8316053777752546,7,0.08333333333333333,0.04255961441879589
12,4,0.2,19,85934885499474492,local_transverse,3.367295829986474,29,1.8316053777752546,7,0.7916666666666666,0.33024168687057687
12,4,0.2,19,85934885499474492,hamiltonian_terms,4.007333185232471,55,1.8316053777752546,7,0.9090909090909091,0.3997993705724871
12,4,0.2,19,85934885499474492,all_pauli,5.4638318050256105,236,1.8316053777752546,7,7.0,1.556193397915288
12,4,0.3,0,370044068414246206,local_z,3.044522437723423,21,2.45202872364486,15,1.0833333333333333,0.40546510810816444
12,4,0.3,0,370044068414246206,local_transverse,4.276666119016055,72,2.45202872364486,15,3.25,0.9245030719555059
12,4,0.3,0,370044068414246206,hamiltonian_terms,4.812184355372417,123,2.45202872364486,15,3.090909090909091,0.966102369274323
12,4,0.3,0,370044068414246206,all_pauli,6.3784261836515865,589,2.45202872364486,15,15.0,2.2774816939800444
12,4,0.3,1,667693381848998721,local_z,3.091042453358316,22,3.4777709246432047,14,1.0833333333333333,0.5125632436645314
12,4,0.3,1,667693381848998721,local_transverse,4.3694478524670215,79,3.4777709246432047,14,2.5416666666666665,1.100567323503913
12,4,0.3,1,667693381848998721,hamiltonian_terms,4.867534450455582,130,3.4777709246432047,14,2.393939393939394,0.9698418563368846
12,4,0.3,1,667693381848998721,all_pauli,7.284820912568604,1458,3.4777709246432047,14,14.0,3.4990988064688477
12,4,0.3,2,970767454441388226,local_z,2.833213344056216,17,2.885136462563713,17,0.6666666666666666,0.3746934494414107
12,4,0.3,2,970767454441388226,local_transverse,3.8501476017100584,47,2.885136462563713,17,2.0,0.7744928200138977
12,4,0.3,2,970767454441388226,hamiltonian_terms,4.48863636973214,89,2.885136462563713,17,2.515151515151515,0.9125100090342491
12,4,0.3,2,970767454441388226,all_pauli,6.520621127558696,679,2.885136462563713,17,17.0,2.853934361693734
12,4,0.3,3,560898651392618321,local_z,2.9444389791664403,19,3.693406286338111,15,0.75,0.33024168687057687
12,4,0.3,3,560898651392618321,local_transverse,4.276666119016055,72,3.693406286338111,15,2.7916666666666665,1.0090001299784226
12,4,0.3,3,560898651392618321,hamiltonian_terms,4.852030263919617,128,3.693406286338111,15,2.696969696969697,0.9479172480149625
12,4,0.3,3,560898651392618321,all_pauli,7.710653323501202,2232,3.693406286338111,15,15.0,4.2259247347153615
12,4,0.3,4,262429220187175863,local_z,3.044522437723423,21,3.303803082530413,12,1.25,0.5479651707154474
12,4,0.3,4,262429220187175863,local_transverse,4.127134385045092,62,3.303803082530413,12,1.9166666666666667,0.8507761247635285
12,4,0.3,4,262429220187175863,hamiltonian_terms,4.875197323201151,131,3.303803082530413,12,2.5757575757575757,1.035317438295796
12,4,0.3,4,262429220187175863,all_pauli,6.912742820493176,1005,3.303803082530413,12,12.0,2.583777850006077
12,4,0.3,5,138112212842773147,local_z,2.772588722239781,16,1.803053475846814,9,0.5,0.2876820724517809
12,4,0.3,5,138112212842773147,local_transverse,3.5263605246161616,34,1.803053475846814,9,1.2083333333333333,0.453474327294525
12,4,0.3,5,138112212842773147,hamiltonian_terms,4.174387269895637,65,1.803053475846814,9,1.3333333333333333,0.5487845070988498
12,4,0.3,5,138112212842773147,all_pauli,5.288267030694535,198,1.803053475846814,9,9.0,1.8377216047926908
12,4,0.3,6,37200917563612113,local_z,2.70805020110221,15,2.43027420999434,9,0.5,0.22054276961415234
12,4,0.3,6,37200917563612113,local_transverse,3.6888794541139363,40,2.43027420999434,9,1.2083333333333333,0.6325225587435105
12,4,0.3,6,37200917563612113,hamiltonian_terms,4.204692619390966,67,2.43027420999434,9,1.303030303030303,0.6632942174102642
12,4,0.3,6,37200917563612113,all_pauli,6.385194398997726,593,2.43027420999434,9,9.0,2.687989105373638
12,4,0.3,7,249407402364275116,local_z,3.4657359027997265,32,4.076439414148597,15,1.75,0.8416713577706093
12,4,0.3,7,249407402364275116,local_transverse,4.189654742026425,66,4.076439414148597,15,2.3333333333333335,0.8770324593300827
12,4,0.3,7,249407402364275116,hamiltonian_terms,4.897839799950911,134,4.076439414148597,15,2.878787878787879,1.1737178080318225
12,4,0.3,7,249407402364275116,all_pauli,7.141245122350491,1263,4.076439414148597,15,15.0,3.5363344153171727
12,4,0.3,8,155201744294630057,local_z,2.8903717578961645,18,3.7399992952065633,12,0.75,0.3596555720768702
12,4,0.3,8,155201744294630057,local_transverse,3.8066624897703196,45,3.7399992952065633,12,1.875,0.8568923517809645
12,4,0.3,8,155201744294630057,hamiltonian_terms,4.499809670330265,90,3.7399992952065633,12,2.0606060606060606,0.8507761247635285
12,4,0.3,8,155201744294630057,all_pauli,7.216709486709457,1362,3.7399992952065633,12,12.0,3.653384121099406
12,4,0.3,9,396456515424997829,local_z,2.995732273553991,20,3.024775461677032,13,1.0833333333333333,0.343921790774657
12,4,0.3,9,396456515424997829,local_transverse,4.564348191467836,96,3.024775461677032,13,2.75,0.9047004446593261
12,4,0.3,9,396456515424997829,hamiltonian_terms,5.0106352940962555,150,3.024775461677032,13,2.8181818181818183,0.869414657153901
12,4,0.3,9,396456515424997829,all_pauli,6.739336627357174,845,3.024775461677032,13,13.0,3.0409278318484314
12,4,0.3,10,23701522046721389,local_z,2.70805020110221,15,2.5705650716956217,15,0.5833333333333334,0.2602830982636664
12,4,0.3,10,23701522046721389,local_transverse,3.912023005428146,50,2.5705650716956217,15,2.5,0.8630462173553428
12,4,0.3,10,23701522046721389,hamiltonian_terms,4.430816798843313,84,2.5705650716956217,15,2.0606060606060606,0.6688241854197252
12,4,0.3,10,23701522046721389,all_pauli,6.1463292576688975,467,2.5705650716956217,15,15.0,2.6534177613085497
12,4,0.3,11,409658218005491332,local_z,2.8903717578961645,18,3.1299440035823163,14,0.8333333333333334,0.39768296766610944
12,4,0.3,11,409658218005491332,local_transverse,4.007333185232471,55,3.1299440035823163,14,2.2083333333333335,0.9739088101671524
12,4,0.3,11,409658218005491332,hamiltonian_terms,4.663439094112067,106,3.1299440035823163,14,2.3636363636363638,0.8408477475661937
12,4,0.3,11,409658218005491332,all_pauli,6.815639990074331,912,3.1299440035823163,14,14.0,2.9116038732205602
12,4,0.3,12,193248003611294186,local_z,3.1780538303479458,24,2.5747629789098614,8,1.25,0.6131044728864089
12,4,0.3,12,193248003611294186,local_transverse,4.007333185232471,55,2.5747629789098614,8,1.7083333333333333,0.7744928200138977
12,4,0.3,12,193248003611294186,hamiltonian_terms,4.61512051684126,101,2.5747629789098614,8,1.878787878787879,0.8507761247635285
12,4,0.3,12,193248003611294186,all_pauli,5.8805329864007,358,2.5747629789098614,8,8.0,2.0821796619119604
12,4,0.3,13,97304354393959940,local_z,2.833213344056216,17,2.260982153490719,12,0.6666666666666666,0.2946507417678743
12,4,0.3,13,97304354393959940,local_transverse,3.871201010907891,48,2.260982153490719,12,1.625,0.6879523636828414
12,4,0.3,13,97304354393959940,hamiltonian_terms,4.248495242049359,70,2.260982153490719,12,1.7878787878787878,0.6148542546101965
12,4,0.3,13,97304354393959940,all_pauli,5.942799375126701,381,2.260982153490719,12,12.0,2.5981103429068524
12,4,0.3,14,1086159352560449436,local_z,3.258096538021482,26,4.059911954987149,16,1.4166666666666667,0.6725278933572097
12,4,0.3,14,1086159352560449436,local_transverse,4.499809670330265,90,4.059911954987149,16,3.0416666666666665,1.4452927018818464
12,4,0.3,14,1086159352560449436,hamiltonian_terms,4.90527477843843,135,4.059911954987149,16,3.1515151515151514,1.1325628227346314
12,4,0.3,14,1086159352560449436,all_pauli,8.123261319121745,3372,4.059911954987149,16,16.0,4.306463597199373
12,4,0.3,15,308629037030564989,local_z,2.6390573296152584,14,2.4121489016951845,11,0.5,0.1823215567939546
12,4,0.3,15,308629037030564989,local_transverse,3.4011973816621555,30,2.4121489016951845,11,1.75,0.503905180921417
12,4,0.3,15,308629037030564989,hamiltonian_terms,4.143134726391533,63,2.4121489016951845,11,1.8484848484848484,0.6061358035703156
12,4,0.3,15,308629037030564989,all_pauli,6.513230110912307,674,2.4121489016951845,11,11.0,2.2295152571736745
12,4,0.3,16,270093529467983633,local_z,3.332204510175204,28,4.354871830917941,14,1.3333333333333333,0.7576857016975165
12,4,0.3,16,270093529467983633,local_transverse,4.770684624465665,118,4.354871830917941,14,2.875,1.3467231485012883
12,4,0.3,16,270093529467983633,hamiltonian_terms,5.488937726156687,242,4.354871830917941,14,3.090909090909091,1.274632716609871
12,4,0.3,16,270093529467983633,all_pauli,7.803026643632217,2448,4.354871830917941,14,14.0,4.234314045663666
12,4,0.3,17,174479256365571238,local_z,2.833213344056216,17,2.1243817047487785,13,0.9166666666666666,0.2876820724517809
12,4,0.3,17,174479256365571238,local_transverse,3.6375861597263857,38,2.1243817047487785,13,1.5833333333333333,0.530107553315441
12,4,0.3,17,174479256365571238,hamiltonian_terms,4.1588830833596715,64,2.1243817047487785,13,1.8484848484848484,0.6026695955938293
12,4,0.3,17,174479256365571238,all_pauli,5.497168225293202,244,2.1243817047487785,13,13.0,2.1574030831495477
12,4,0.3,18,643570515749489352,local_z,2.9444389791664403,19,4.298080609852134,18,0.9166666666666666,0.3596555720768702
12,4,0.3,18,643570515749489352,local_transverse,3.713572066704308,41,4.298080609852134,18,1.75,0.7576857016975165
12,4,0.3,18,643570515749489352,hamiltonian_terms,4.356708826689592,78,4.298080609852134,18,2.303030303030303,0.9007865453381898
12,4,0.3,18,643570515749489352,all_pauli,8.382289428951436,4369,4.298080609852134,18,18.0,3.984404704026743
12,4,0.3,19,979451334346159860,local_z,3.1780538303479458,24,3.8774153483265685,18,1.1666666666666667,0.3746934494414107
12,4,0.3,19,979451334346159860,local_transverse,4.07753744390572,59,3.8774153483265685,18,3.0416666666666665,0.9433461597569857
12,4,0.3,19,979451334346159860,hamiltonian_terms,4.969813299576001,144,3.8774153483265685,18,3.242424242424242,1.0705992524404357
12,4,0.3,19,979451334346159860,all_pauli,8.112527763478637,3336,3.8774153483265685,18,18.0,4.440075840371703
