subset,n_qubits,layers,t_density,repeat,task,k90,all_pauli_k90,k90_over_all_pauli
all,8,5,0.1,0,local_z,10,97.0,0.10309278350515463
all,8,5,0.1,0,local_transverse,33,97.0,0.3402061855670103
all,8,5,0.1,0,hamiltonian_terms,58,97.0,0.5979381443298969
all,8,5,0.1,0,transported_local_z,14,97.0,0.14432989690721648
all,8,5,0.1,0,all_pauli,97,97.0,1.0
all,8,5,0.1,1,local_z,8,31.0,0.25806451612903225
all,8,5,0.1,1,local_transverse,15,31.0,0.4838709677419355
all,8,5,0.1,1,hamiltonian_terms,21,31.0,0.6774193548387096
all,8,5,0.1,1,transported_local_z,8,31.0,0.25806451612903225
all,8,5,0.1,1,all_pauli,31,31.0,1.0
all,8,5,0.1,2,local_z,11,97.0,0.1134020618556701
all,8,5,0.1,2,local_transverse,25,97.0,0.25773195876288657
all,8,5,0.1,2,hamiltonian_terms,39,97.0,0.4020618556701031
all,8,5,0.1,2,transported_local_z,12,97.0,0.12371134020618557
all,8,5,0.1,2,all_pauli,97,97.0,1.0
all,8,5,0.1,3,local_z,16,112.0,0.14285714285714285
all,8,5,0.1,3,local_transverse,65,112.0,0.5803571428571429
all,8,5,0.1,3,hamiltonian_terms,60,112.0,0.5357142857142857
all,8,5,0.1,3,transported_local_z,22,112.0,0.19642857142857142
all,8,5,0.1,3,all_pauli,112,112.0,1.0
all,8,5,0.1,4,local_z,12,141.0,0.0851063829787234
all,8,5,0.1,4,local_transverse,27,141.0,0.19148936170212766
all,8,5,0.1,4,hamiltonian_terms,43,141.0,0.3049645390070922
all,8,5,0.1,4,transported_local_z,9,141.0,0.06382978723404255
all,8,5,0.1,4,all_pauli,141,141.0,1.0
all,8,5,0.1,5,local_z,11,179.0,0.061452513966480445
all,8,5,0.1,5,local_transverse,44,179.0,0.24581005586592178
all,8,5,0.1,5,hamiltonian_terms,61,179.0,0.3407821229050279
all,8,5,0.1,5,transported_local_z,27,179.0,0.15083798882681565
all,8,5,0.1,5,all_pauli,179,179.0,1.0
all,8,5,0.1,6,local_z,10,84.0,0.11904761904761904
all,8,5,0.1,6,local_transverse,18,84.0,0.21428571428571427
all,8,5,0.1,6,hamiltonian_terms,28,84.0,0.3333333333333333
all,8,5,0.1,6,transported_local_z,12,84.0,0.14285714285714285
all,8,5,0.1,6,all_pauli,84,84.0,1.0
all,8,5,0.1,7,local_z,13,216.0,0.06018518518518518
all,8,5,0.1,7,local_transverse,32,216.0,0.14814814814814814
all,8,5,0.1,7,hamiltonian_terms,46,216.0,0.21296296296296297
all,8,5,0.1,7,transported_local_z,19,216.0,0.08796296296296297
all,8,5,0.1,7,all_pauli,216,216.0,1.0
all,8,5,0.1,8,local_z,22,131.0,0.16793893129770993
all,8,5,0.1,8,local_transverse,50,131.0,0.3816793893129771
all,8,5,0.1,8,hamiltonian_terms,87,131.0,0.6641221374045801
all,8,5,0.1,8,transported_local_z,34,131.0,0.2595419847328244
all,8,5,0.1,8,all_pauli,131,131.0,1.0
all,8,5,0.1,9,local_z,20,259.0,0.07722007722007722
all,8,5,0.1,9,local_transverse,71,259.0,0.27413127413127414
all,8,5,0.1,9,hamiltonian_terms,86,259.0,0.33204633204633205
all,8,5,0.1,9,transported_local_z,23,259.0,0.0888030888030888
all,8,5,0.1,9,all_pauli,259,259.0,1.0
all,8,5,0.1,10,local_z,10,96.0,0.10416666666666667
all,8,5,0.1,10,local_transverse,16,96.0,0.16666666666666666
all,8,5,0.1,10,hamiltonian_terms,36,96.0,0.375
all,8,5,0.1,10,transported_local_z,13,96.0,0.13541666666666666
all,8,5,0.1,10,all_pauli,96,96.0,1.0
all,8,5,0.1,11,local_z,8,54.0,0.14814814814814814
all,8,5,0.1,11,local_transverse,23,54.0,0.42592592592592593
all,8,5,0.1,11,hamiltonian_terms,23,54.0,0.42592592592592593
all,8,5,0.1,11,transported_local_z,9,54.0,0.16666666666666666
all,8,5,0.1,11,all_pauli,54,54.0,1.0
all,8,5,0.1,12,local_z,11,72.0,0.1527777777777778
all,8,5,0.1,12,local_transverse,20,72.0,0.2777777777777778
all,8,5,0.1,12,hamiltonian_terms,32,72.0,0.4444444444444444
all,8,5,0.1,12,transported_local_z,11,72.0,0.1527777777777778
all,8,5,0.1,12,all_pauli,72,72.0,1.0
all,8,5,0.1,13,local_z,14,135.0,0.1037037037037037
all,8,5,0.1,13,local_transverse,43,135.0,0.31851851851851853
all,8,5,0.1,13,hamiltonian_terms,63,135.0,0.4666666666666667
all,8,5,0.1,13,transported_local_z,33,135.0,0.24444444444444444
all,8,5,0.1,13,all_pauli,135,135.0,1.0
all,8,5,0.1,14,local_z,9,80.0,0.1125
all,8,5,0.1,14,local_transverse,22,80.0,0.275
all,8,5,0.1,14,hamiltonian_terms,37,80.0,0.4625
all,8,5,0.1,14,transported_local_z,13,80.0,0.1625
all,8,5,0.1,14,all_pauli,80,80.0,1.0
all,8,5,0.1,15,local_z,13,44.0,0.29545454545454547
all,8,5,0.1,15,local_transverse,26,44.0,0.5909090909090909
all,8,5,0.1,15,hamiltonian_terms,34,44.0,0.7727272727272727
all,8,5,0.1,15,transported_local_z,18,44.0,0.4090909090909091
all,8,5,0.1,15,all_pauli,44,44.0,1.0
all,8,5,0.1,16,local_z,13,261.0,0.04980842911877394
all,8,5,0.1,16,local_transverse,35,261.0,0.13409961685823754
all,8,5,0.1,16,hamiltonian_terms,64,261.0,0.24521072796934865
all,8,5,0.1,16,transported_local_z,27,261.0,0.10344827586206896
all,8,5,0.1,16,all_pauli,261,261.0,1.0
all,8,5,0.1,17,local_z,13,73.0,0.1780821917808219
all,8,5,0.1,17,local_transverse,27,73.0,0.3698630136986301
all,8,5,0.1,17,hamiltonian_terms,36,73.0,0.4931506849315068
all,8,5,0.1,17,transported_local_z,16,73.0,0.2191780821917808
all,8,5,0.1,17,all_pauli,73,73.0,1.0
all,8,5,0.1,18,local_z,10,286.0,0.03496503496503497
all,8,5,0.1,18,local_transverse,30,286.0,0.1048951048951049
all,8,5,0.1,18,hamiltonian_terms,44,286.0,0.15384615384615385
all,8,5,0.1,18,transported_local_z,19,286.0,0.06643356643356643
all,8,5,0.1,18,all_pauli,286,286.0,1.0
all,8,5,0.1,19,local_z,9,43.0,0.20930232558139536
all,8,5,0.1,19,local_transverse,19,43.0,0.4418604651162791
all,8,5,0.1,19,hamiltonian_terms,28,43.0,0.6511627906976745
all,8,5,0.1,19,transported_local_z,11,43.0,0.2558139534883721
all,8,5,0.1,19,all_pauli,43,43.0,1.0
all,8,5,0.2,0,local_z,13,1154.0,0.011265164644714038
all,8,5,0.2,0,local_transverse,43,1154.0,0.03726169844020797
all,8,5,0.2,0,hamiltonian_terms,85,1154.0,0.07365684575389948
all,8,5,0.2,0,transported_local_z,26,1154.0,0.022530329289428077
all,8,5,0.2,0,all_pauli,1154,1154.0,1.0
all,8,5,0.2,1,local_z,27,1233.0,0.021897810218978103
all,8,5,0.2,1,local_transverse,87,1233.0,0.0705596107055961
all,8,5,0.2,1,hamiltonian_terms,162,1233.0,0.13138686131386862
all,8,5,0.2,1,transported_local_z,77,1233.0,0.062449310624493104
all,8,5,0.2,1,all_pauli,1233,1233.0,1.0
all,8,5,0.2,2,local_z,11,90.0,0.12222222222222222
all,8,5,0.2,2,local_transverse,26,90.0,0.28888888888888886
all,8,5,0.2,2,hamiltonian_terms,42,90.0,0.4666666666666667
all,8,5,0.2,2,transported_local_z,10,90.0,0.1111111111111111
all,8,5,0.2,2,all_pauli,90,90.0,1.0
all,8,5,0.2,3,local_z,22,334.0,0.0658682634730539
all,8,5,0.2,3,local_transverse,57,334.0,0.17065868263473055
all,8,5,0.2,3,hamiltonian_terms,83,334.0,0.24850299401197604
all,8,5,0.2,3,transported_local_z,24,334.0,0.0718562874251497
all,8,5,0.2,3,all_pauli,334,334.0,1.0
all,8,5,0.2,4,local_z,14,411.0,0.0340632603406326
all,8,5,0.2,4,local_transverse,20,411.0,0.04866180048661801
all,8,5,0.2,4,hamiltonian_terms,68,411.0,0.1654501216545012
all,8,5,0.2,4,transported_local_z,23,411.0,0.05596107055961071
all,8,5,0.2,4,all_pauli,411,411.0,1.0
all,8,5,0.2,5,local_z,9,44.0,0.20454545454545456
all,8,5,0.2,5,local_transverse,26,44.0,0.5909090909090909
all,8,5,0.2,5,hamiltonian_terms,29,44.0,0.6590909090909091
all,8,5,0.2,5,transported_local_z,14,44.0,0.3181818181818182
all,8,5,0.2,5,all_pauli,44,44.0,1.0
all,8,5,0.2,6,local_z,13,346.0,0.03757225433526012
all,8,5,0.2,6,local_transverse,41,346.0,0.11849710982658959
all,8,5,0.2,6,hamiltonian_terms,68,346.0,0.19653179190751446
all,8,5,0.2,6,transported_local_z,19,346.0,0.05491329479768786
all,8,5,0.2,6,all_pauli,346,346.0,1.0
all,8,5,0.2,7,local_z,8,38.0,0.21052631578947367
all,8,5,0.2,7,local_transverse,17,38.0,0.4473684210526316
all,8,5,0.2,7,hamiltonian_terms,19,38.0,0.5
all,8,5,0.2,7,transported_local_z,8,38.0,0.21052631578947367
all,8,5,0.2,7,all_pauli,38,38.0,1.0
all,8,5,0.2,8,local_z,13,325.0,0.04
all,8,5,0.2,8,local_transverse,95,325.0,0.2923076923076923
all,8,5,0.2,8,hamiltonian_terms,115,325.0,0.35384615384615387
all,8,5,0.2,8,transported_local_z,46,325.0,0.14153846153846153
all,8,5,0.2,8,all_pauli,325,325.0,1.0
all,8,5,0.2,9,local_z,13,414.0,0.03140096618357488
all,8,5,0.2,9,local_transverse,44,414.0,0.10628019323671498
all,8,5,0.2,9,hamiltonian_terms,87,414.0,0.21014492753623187
all,8,5,0.2,9,transported_local_z,29,414.0,0.07004830917874397
all,8,5,0.2,9,all_pauli,414,414.0,1.0
all,8,5,0.2,10,local_z,20,262.0,0.07633587786259542
all,8,5,0.2,10,local_transverse,50,262.0,0.19083969465648856
all,8,5,0.2,10,hamiltonian_terms,94,262.0,0.35877862595419846
all,8,5,0.2,10,transported_local_z,28,262.0,0.10687022900763359
all,8,5,0.2,10,all_pauli,262,262.0,1.0
all,8,5,0.2,11,local_z,27,239.0,0.11297071129707113
all,8,5,0.2,11,local_transverse,37,239.0,0.15481171548117154
all,8,5,0.2,11,hamiltonian_terms,84,239.0,0.3514644351464435
all,8,5,0.2,11,transported_local_z,28,239.0,0.11715481171548117
all,8,5,0.2,11,all_pauli,239,239.0,1.0
all,8,5,0.2,12,local_z,9,56.0,0.16071428571428573
all,8,5,0.2,12,local_transverse,17,56.0,0.30357142857142855
all,8,5,0.2,12,hamiltonian_terms,30,56.0,0.5357142857142857
all,8,5,0.2,12,transported_local_z,12,56.0,0.21428571428571427
all,8,5,0.2,12,all_pauli,56,56.0,1.0
all,8,5,0.2,13,local_z,13,241.0,0.05394190871369295
all,8,5,0.2,13,local_transverse,23,241.0,0.0954356846473029
all,8,5,0.2,13,hamiltonian_terms,46,241.0,0.1908713692946058
all,8,5,0.2,13,transported_local_z,17,241.0,0.07053941908713693
all,8,5,0.2,13,all_pauli,241,241.0,1.0
all,8,5,0.2,14,local_z,16,168.0,0.09523809523809523
all,8,5,0.2,14,local_transverse,29,168.0,0.17261904761904762
all,8,5,0.2,14,hamiltonian_terms,52,168.0,0.30952380952380953
all,8,5,0.2,14,transported_local_z,21,168.0,0.125
all,8,5,0.2,14,all_pauli,168,168.0,1.0
all,8,5,0.2,15,local_z,12,181.0,0.06629834254143646
all,8,5,0.2,15,local_transverse,25,181.0,0.13812154696132597
all,8,5,0.2,15,hamiltonian_terms,44,181.0,0.2430939226519337
all,8,5,0.2,15,transported_local_z,18,181.0,0.09944751381215469
all,8,5,0.2,15,all_pauli,181,181.0,1.0
all,8,5,0.2,16,local_z,14,275.0,0.05090909090909091
all,8,5,0.2,16,local_transverse,38,275.0,0.13818181818181818
all,8,5,0.2,16,hamiltonian_terms,57,275.0,0.20727272727272728
all,8,5,0.2,16,transported_local_z,25,275.0,0.09090909090909091
all,8,5,0.2,16,all_pauli,275,275.0,1.0
all,8,5,0.2,17,local_z,13,173.0,0.07514450867052024
all,8,5,0.2,17,local_transverse,34,173.0,0.19653179190751446
all,8,5,0.2,17,hamiltonian_terms,81,173.0,0.4682080924855491
all,8,5,0.2,17,transported_local_z,31,173.0,0.1791907514450867
all,8,5,0.2,17,all_pauli,173,173.0,1.0
all,8,5,0.2,18,local_z,44,313.0,0.14057507987220447
all,8,5,0.2,18,local_transverse,85,313.0,0.2715654952076677
all,8,5,0.2,18,hamiltonian_terms,105,313.0,0.3354632587859425
all,8,5,0.2,18,transported_local_z,50,313.0,0.1597444089456869
all,8,5,0.2,18,all_pauli,313,313.0,1.0
all,8,5,0.2,19,local_z,9,348.0,0.02586206896551724
all,8,5,0.2,19,local_transverse,28,348.0,0.08045977011494253
all,8,5,0.2,19,hamiltonian_terms,47,348.0,0.13505747126436782
all,8,5,0.2,19,transported_local_z,24,348.0,0.06896551724137931
all,8,5,0.2,19,all_pauli,348,348.0,1.0
all,8,5,0.3,0,local_z,12,454.0,0.02643171806167401
all,8,5,0.3,0,local_transverse,51,454.0,0.11233480176211454
all,8,5,0.3,0,hamiltonian_terms,59,454.0,0.1299559471365639
all,8,5,0.3,0,transported_local_z,31,454.0,0.06828193832599119
all,8,5,0.3,0,all_pauli,454,454.0,1.0
all,8,5,0.3,1,local_z,18,1122.0,0.016042780748663103
all,8,5,0.3,1,local_transverse,71,1122.0,0.06327985739750445
all,8,5,0.3,1,hamiltonian_terms,118,1122.0,0.1051693404634581
all,8,5,0.3,1,transported_local_z,77,1122.0,0.06862745098039216
all,8,5,0.3,1,all_pauli,1122,1122.0,1.0
all,8,5,0.3,2,local_z,11,51.0,0.21568627450980393
all,8,5,0.3,2,local_transverse,22,51.0,0.43137254901960786
all,8,5,0.3,2,hamiltonian_terms,38,51.0,0.7450980392156863
all,8,5,0.3,2,transported_local_z,11,51.0,0.21568627450980393
all,8,5,0.3,2,all_pauli,51,51.0,1.0
all,8,5,0.3,3,local_z,12,150.0,0.08
all,8,5,0.3,3,local_transverse,41,150.0,0.2733333333333333
all,8,5,0.3,3,hamiltonian_terms,54,150.0,0.36
all,8,5,0.3,3,transported_local_z,24,150.0,0.16
all,8,5,0.3,3,all_pauli,150,150.0,1.0
all,8,5,0.3,4,local_z,19,892.0,0.021300448430493273
all,8,5,0.3,4,local_transverse,59,892.0,0.06614349775784753
all,8,5,0.3,4,hamiltonian_terms,112,892.0,0.12556053811659193
all,8,5,0.3,4,transported_local_z,43,892.0,0.04820627802690583
all,8,5,0.3,4,all_pauli,892,892.0,1.0
all,8,5,0.3,5,local_z,21,1512.0,0.013888888888888888
all,8,5,0.3,5,local_transverse,99,1512.0,0.06547619047619048
all,8,5,0.3,5,hamiltonian_terms,157,1512.0,0.10383597883597884
all,8,5,0.3,5,transported_local_z,55,1512.0,0.036375661375661374
all,8,5,0.3,5,all_pauli,1512,1512.0,1.0
all,8,5,0.3,6,local_z,12,805.0,0.014906832298136646
all,8,5,0.3,6,local_transverse,44,805.0,0.0546583850931677
all,8,5,0.3,6,hamiltonian_terms,69,805.0,0.08571428571428572
all,8,5,0.3,6,transported_local_z,28,805.0,0.034782608695652174
all,8,5,0.3,6,all_pauli,805,805.0,1.0
all,8,5,0.3,7,local_z,15,180.0,0.08333333333333333
all,8,5,0.3,7,local_transverse,36,180.0,0.2
all,8,5,0.3,7,hamiltonian_terms,63,180.0,0.35
all,8,5,0.3,7,transported_local_z,25,180.0,0.1388888888888889
all,8,5,0.3,7,all_pauli,180,180.0,1.0
all,8,5,0.3,8,local_z,11,469.0,0.023454157782515993
all,8,5,0.3,8,local_transverse,69,469.0,0.14712153518123666
all,8,5,0.3,8,hamiltonian_terms,76,469.0,0.16204690831556504
all,8,5,0.3,8,transported_local_z,42,469.0,0.08955223880597014
all,8,5,0.3,8,all_pauli,469,469.0,1.0
all,8,5,0.3,9,local_z,28,1610.0,0.017391304347826087
all,8,5,0.3,9,local_transverse,50,1610.0,0.031055900621118012
all,8,5,0.3,9,hamiltonian_terms,132,1610.0,0.08198757763975155
all,8,5,0.3,9,transported_local_z,68,1610.0,0.0422360248447205
all,8,5,0.3,9,all_pauli,1610,1610.0,1.0
all,8,5,0.3,10,local_z,16,195.0,0.08205128205128205
all,8,5,0.3,10,local_transverse,32,195.0,0.1641025641025641
all,8,5,0.3,10,hamiltonian_terms,64,195.0,0.3282051282051282
all,8,5,0.3,10,transported_local_z,23,195.0,0.11794871794871795
all,8,5,0.3,10,all_pauli,195,195.0,1.0
all,8,5,0.3,11,local_z,19,263.0,0.07224334600760456
all,8,5,0.3,11,local_transverse,65,263.0,0.24714828897338403
all,8,5,0.3,11,hamiltonian_terms,103,263.0,0.3916349809885932
all,8,5,0.3,11,transported_local_z,34,263.0,0.12927756653992395
all,8,5,0.3,11,all_pauli,263,263.0,1.0
all,8,5,0.3,12,local_z,13,857.0,0.015169194865810968
all,8,5,0.3,12,local_transverse,37,857.0,0.043173862310385065
all,8,5,0.3,12,hamiltonian_terms,80,857.0,0.09334889148191365
all,8,5,0.3,12,transported_local_z,32,857.0,0.03733955659276546
all,8,5,0.3,12,all_pauli,857,857.0,1.0
all,8,5,0.3,13,local_z,24,1560.0,0.015384615384615385
all,8,5,0.3,13,local_transverse,86,1560.0,0.05512820512820513
all,8,5,0.3,13,hamiltonian_terms,158,1560.0,0.10128205128205128
all,8,5,0.3,13,transported_local_z,56,1560.0,0.035897435897435895
all,8,5,0.3,13,all_pauli,1560,1560.0,1.0
all,8,5,0.3,14,local_z,47,4467.0,0.010521602865457802
all,8,5,0.3,14,local_transverse,115,4467.0,0.02574434743675845
all,8,5,0.3,14,hamiltonian_terms,220,4467.0,0.04925005596597269
all,8,5,0.3,14,transported_local_z,191,4467.0,0.04275800313409447
all,8,5,0.3,14,all_pauli,4467,4467.0,1.0
all,8,5,0.3,15,local_z,27,1951.0,0.013839056893900564
all,8,5,0.3,15,local_transverse,65,1951.0,0.03331624807790876
all,8,5,0.3,15,hamiltonian_terms,145,1951.0,0.0743208610968734
all,8,5,0.3,15,transported_local_z,70,1951.0,0.03587903639159405
all,8,5,0.3,15,all_pauli,1951,1951.0,1.0
all,8,5,0.3,16,local_z,52,959.0,0.054223149113660066
all,8,5,0.3,16,local_transverse,125,959.0,0.13034410844629823
all,8,5,0.3,16,hamiltonian_terms,240,959.0,0.2502606882168926
all,8,5,0.3,16,transported_local_z,130,959.0,0.13555787278415016
all,8,5,0.3,16,all_pauli,959,959.0,1.0
all,8,5,0.3,17,local_z,46,2134.0,0.02155576382380506
all,8,5,0.3,17,local_transverse,136,2134.0,0.06373008434864105
all,8,5,0.3,17,hamiltonian_terms,346,2134.0,0.16213683223992503
all,8,5,0.3,17,transported_local_z,121,2134.0,0.05670103092783505
all,8,5,0.3,17,all_pauli,2134,2134.0,1.0
all,8,5,0.3,18,local_z,27,1304.0,0.020705521472392636
all,8,5,0.3,18,local_transverse,102,1304.0,0.07822085889570553
all,8,5,0.3,18,hamiltonian_terms,198,1304.0,0.15184049079754602
all,8,5,0.3,18,transported_local_z,92,1304.0,0.0705521472392638
all,8,5,0.3,18,all_pauli,1304,1304.0,1.0
all,8,5,0.3,19,local_z,24,525.0,0.045714285714285714
all,8,5,0.3,19,local_transverse,85,525.0,0.1619047619047619
all,8,5,0.3,19,hamiltonian_terms,135,525.0,0.2571428571428571
all,8,5,0.3,19,transported_local_z,51,525.0,0.09714285714285714
all,8,5,0.3,19,all_pauli,525,525.0,1.0
all,10,5,0.1,0,local_z,10,67.0,0.14925373134328357
all,10,5,0.1,0,local_transverse,21,67.0,0.31343283582089554
all,10,5,0.1,0,hamiltonian_terms,36,67.0,0.5373134328358209
all,10,5,0.1,0,transported_local_z,14,67.0,0.208955223880597
all,10,5,0.1,0,all_pauli,67,67.0,1.0
all,10,5,0.1,1,local_z,10,30.0,0.3333333333333333
all,10,5,0.1,1,local_transverse,19,30.0,0.6333333333333333
all,10,5,0.1,1,hamiltonian_terms,28,30.0,0.9333333333333333
all,10,5,0.1,1,transported_local_z,11,30.0,0.36666666666666664
all,10,5,0.1,1,all_pauli,30,30.0,1.0
all,10,5,0.1,2,local_z,13,82.0,0.15853658536585366
all,10,5,0.1,2,local_transverse,25,82.0,0.3048780487804878
all,10,5,0.1,2,hamiltonian_terms,45,82.0,0.5487804878048781
all,10,5,0.1,2,transported_local_z,13,82.0,0.15853658536585366
all,10,5,0.1,2,all_pauli,82,82.0,1.0
all,10,5,0.1,3,local_z,11,77.0,0.14285714285714285
all,10,5,0.1,3,local_transverse,27,77.0,0.35064935064935066
all,10,5,0.1,3,hamiltonian_terms,43,77.0,0.5584415584415584
all,10,5,0.1,3,transported_local_z,14,77.0,0.18181818181818182
all,10,5,0.1,3,all_pauli,77,77.0,1.0
all,10,5,0.1,4,local_z,11,30.0,0.36666666666666664
all,10,5,0.1,4,local_transverse,23,30.0,0.7666666666666667
all,10,5,0.1,4,hamiltonian_terms,30,30.0,1.0
all,10,5,0.1,4,transported_local_z,10,30.0,0.3333333333333333
all,10,5,0.1,4,all_pauli,30,30.0,1.0
all,10,5,0.1,5,local_z,15,86.0,0.1744186046511628
all,10,5,0.1,5,local_transverse,30,86.0,0.3488372093023256
all,10,5,0.1,5,hamiltonian_terms,51,86.0,0.5930232558139535
all,10,5,0.1,5,transported_local_z,17,86.0,0.19767441860465115
all,10,5,0.1,5,all_pauli,86,86.0,1.0
all,10,5,0.1,6,local_z,11,89.0,0.12359550561797752
all,10,5,0.1,6,local_transverse,34,89.0,0.38202247191011235
all,10,5,0.1,6,hamiltonian_terms,41,89.0,0.4606741573033708
all,10,5,0.1,6,transported_local_z,14,89.0,0.15730337078651685
all,10,5,0.1,6,all_pauli,89,89.0,1.0
all,10,5,0.1,7,local_z,17,97.0,0.17525773195876287
all,10,5,0.1,7,local_transverse,49,97.0,0.5051546391752577
all,10,5,0.1,7,hamiltonian_terms,71,97.0,0.7319587628865979
all,10,5,0.1,7,transported_local_z,28,97.0,0.28865979381443296
all,10,5,0.1,7,all_pauli,97,97.0,1.0
all,10,5,0.1,8,local_z,11,78.0,0.14102564102564102
all,10,5,0.1,8,local_transverse,30,78.0,0.38461538461538464
all,10,5,0.1,8,hamiltonian_terms,38,78.0,0.48717948717948717
all,10,5,0.1,8,transported_local_z,12,78.0,0.15384615384615385
all,10,5,0.1,8,all_pauli,78,78.0,1.0
all,10,5,0.1,9,local_z,11,33.0,0.3333333333333333
all,10,5,0.1,9,local_transverse,22,33.0,0.6666666666666666
all,10,5,0.1,9,hamiltonian_terms,30,33.0,0.9090909090909091
all,10,5,0.1,9,transported_local_z,12,33.0,0.36363636363636365
all,10,5,0.1,9,all_pauli,33,33.0,1.0
all,10,5,0.1,10,local_z,13,225.0,0.057777777777777775
all,10,5,0.1,10,local_transverse,47,225.0,0.2088888888888889
all,10,5,0.1,10,hamiltonian_terms,59,225.0,0.26222222222222225
all,10,5,0.1,10,transported_local_z,16,225.0,0.07111111111111111
all,10,5,0.1,10,all_pauli,225,225.0,1.0
all,10,5,0.1,11,local_z,11,49.0,0.22448979591836735
all,10,5,0.1,11,local_transverse,23,49.0,0.46938775510204084
all,10,5,0.1,11,hamiltonian_terms,38,49.0,0.7755102040816326
all,10,5,0.1,11,transported_local_z,13,49.0,0.2653061224489796
all,10,5,0.1,11,all_pauli,49,49.0,1.0
all,10,5,0.1,12,local_z,12,57.0,0.21052631578947367
all,10,5,0.1,12,local_transverse,26,57.0,0.45614035087719296
all,10,5,0.1,12,hamiltonian_terms,38,57.0,0.6666666666666666
all,10,5,0.1,12,transported_local_z,16,57.0,0.2807017543859649
all,10,5,0.1,12,all_pauli,57,57.0,1.0
all,10,5,0.1,13,local_z,11,40.0,0.275
all,10,5,0.1,13,local_transverse,20,40.0,0.5
all,10,5,0.1,13,hamiltonian_terms,28,40.0,0.7
all,10,5,0.1,13,transported_local_z,11,40.0,0.275
all,10,5,0.1,13,all_pauli,40,40.0,1.0
all,10,5,0.1,14,local_z,20,412.0,0.04854368932038835
all,10,5,0.1,14,local_transverse,41,412.0,0.09951456310679611
all,10,5,0.1,14,hamiltonian_terms,74,412.0,0.1796116504854369
all,10,5,0.1,14,transported_local_z,40,412.0,0.0970873786407767
all,10,5,0.1,14,all_pauli,412,412.0,1.0
all,10,5,0.1,15,local_z,11,327.0,0.03363914373088685
all,10,5,0.1,15,local_transverse,30,327.0,0.09174311926605505
all,10,5,0.1,15,hamiltonian_terms,51,327.0,0.1559633027522936
all,10,5,0.1,15,transported_local_z,32,327.0,0.09785932721712538
all,10,5,0.1,15,all_pauli,327,327.0,1.0
all,10,5,0.1,16,local_z,11,96.0,0.11458333333333333
all,10,5,0.1,16,local_transverse,22,96.0,0.22916666666666666
all,10,5,0.1,16,hamiltonian_terms,42,96.0,0.4375
all,10,5,0.1,16,transported_local_z,15,96.0,0.15625
all,10,5,0.1,16,all_pauli,96,96.0,1.0
all,10,5,0.1,17,local_z,12,140.0,0.08571428571428572
all,10,5,0.1,17,local_transverse,27,140.0,0.19285714285714287
all,10,5,0.1,17,hamiltonian_terms,49,140.0,0.35
all,10,5,0.1,17,transported_local_z,22,140.0,0.15714285714285714
all,10,5,0.1,17,all_pauli,140,140.0,1.0
all,10,5,0.1,18,local_z,17,125.0,0.136
all,10,5,0.1,18,local_transverse,37,125.0,0.296
all,10,5,0.1,18,hamiltonian_terms,48,125.0,0.384
all,10,5,0.1,18,transported_local_z,18,125.0,0.144
all,10,5,0.1,18,all_pauli,125,125.0,1.0
all,10,5,0.1,19,local_z,11,207.0,0.05314009661835749
all,10,5,0.1,19,local_transverse,25,207.0,0.12077294685990338
all,10,5,0.1,19,hamiltonian_terms,52,207.0,0.25120772946859904
all,10,5,0.1,19,transported_local_z,19,207.0,0.09178743961352658
all,10,5,0.1,19,all_pauli,207,207.0,1.0
all,10,5,0.2,0,local_z,15,382.0,0.03926701570680628
all,10,5,0.2,0,local_transverse,36,382.0,0.09424083769633508
all,10,5,0.2,0,hamiltonian_terms,71,382.0,0.18586387434554974
all,10,5,0.2,0,transported_local_z,25,382.0,0.06544502617801047
all,10,5,0.2,0,all_pauli,382,382.0,1.0
all,10,5,0.2,1,local_z,27,232.0,0.11637931034482758
all,10,5,0.2,1,local_transverse,54,232.0,0.23275862068965517
all,10,5,0.2,1,hamiltonian_terms,81,232.0,0.34913793103448276
all,10,5,0.2,1,transported_local_z,22,232.0,0.09482758620689655
all,10,5,0.2,1,all_pauli,232,232.0,1.0
all,10,5,0.2,2,local_z,40,732.0,0.0546448087431694
all,10,5,0.2,2,local_transverse,112,732.0,0.15300546448087432
all,10,5,0.2,2,hamiltonian_terms,131,732.0,0.17896174863387979
all,10,5,0.2,2,transported_local_z,71,732.0,0.09699453551912568
all,10,5,0.2,2,all_pauli,732,732.0,1.0
all,10,5,0.2,3,local_z,17,141.0,0.12056737588652482
all,10,5,0.2,3,local_transverse,42,141.0,0.2978723404255319
all,10,5,0.2,3,hamiltonian_terms,74,141.0,0.524822695035461
all,10,5,0.2,3,transported_local_z,31,141.0,0.2198581560283688
all,10,5,0.2,3,all_pauli,141,141.0,1.0
all,10,5,0.2,4,local_z,15,429.0,0.03496503496503497
all,10,5,0.2,4,local_transverse,42,429.0,0.0979020979020979
all,10,5,0.2,4,hamiltonian_terms,95,429.0,0.22144522144522144
all,10,5,0.2,4,transported_local_z,36,429.0,0.08391608391608392
all,10,5,0.2,4,all_pauli,429,429.0,1.0
all,10,5,0.2,5,local_z,18,125.0,0.144
all,10,5,0.2,5,local_transverse,40,125.0,0.32
all,10,5,0.2,5,hamiltonian_terms,72,125.0,0.576
all,10,5,0.2,5,transported_local_z,27,125.0,0.216
all,10,5,0.2,5,all_pauli,125,125.0,1.0
all,10,5,0.2,6,local_z,15,248.0,0.06048387096774194
all,10,5,0.2,6,local_transverse,41,248.0,0.16532258064516128
all,10,5,0.2,6,hamiltonian_terms,74,248.0,0.29838709677419356
all,10,5,0.2,6,transported_local_z,20,248.0,0.08064516129032258
all,10,5,0.2,6,all_pauli,248,248.0,1.0
all,10,5,0.2,7,local_z,12,104.0,0.11538461538461539
all,10,5,0.2,7,local_transverse,31,104.0,0.2980769230769231
all,10,5,0.2,7,hamiltonian_terms,48,104.0,0.46153846153846156
all,10,5,0.2,7,transported_local_z,20,104.0,0.19230769230769232
all,10,5,0.2,7,all_pauli,104,104.0,1.0
all,10,5,0.2,8,local_z,13,94.0,0.13829787234042554
all,10,5,0.2,8,local_transverse,36,94.0,0.3829787234042553
all,10,5,0.2,8,hamiltonian_terms,66,94.0,0.7021276595744681
all,10,5,0.2,8,transported_local_z,22,94.0,0.23404255319148937
all,10,5,0.2,8,all_pauli,94,94.0,1.0
all,10,5,0.2,9,local_z,25,773.0,0.03234152652005175
all,10,5,0.2,9,local_transverse,83,773.0,0.1073738680465718
all,10,5,0.2,9,hamiltonian_terms,120,773.0,0.15523932729624837
all,10,5,0.2,9,transported_local_z,37,773.0,0.047865459249676584
all,10,5,0.2,9,all_pauli,773,773.0,1.0
all,10,5,0.2,10,local_z,17,115.0,0.14782608695652175
all,10,5,0.2,10,local_transverse,40,115.0,0.34782608695652173
all,10,5,0.2,10,hamiltonian_terms,61,115.0,0.5304347826086957
all,10,5,0.2,10,transported_local_z,23,115.0,0.2
all,10,5,0.2,10,all_pauli,115,115.0,1.0
all,10,5,0.2,11,local_z,11,401.0,0.02743142144638404
all,10,5,0.2,11,local_transverse,34,401.0,0.08478802992518704
all,10,5,0.2,11,hamiltonian_terms,69,401.0,0.17206982543640897
all,10,5,0.2,11,transported_local_z,20,401.0,0.04987531172069826
all,10,5,0.2,11,all_pauli,401,401.0,1.0
all,10,5,0.2,12,local_z,31,312.0,0.09935897435897435
all,10,5,0.2,12,local_transverse,67,312.0,0.21474358974358973
all,10,5,0.2,12,hamiltonian_terms,120,312.0,0.38461538461538464
all,10,5,0.2,12,transported_local_z,38,312.0,0.12179487179487179
all,10,5,0.2,12,all_pauli,312,312.0,1.0
all,10,5,0.2,13,local_z,21,1026.0,0.02046783625730994
all,10,5,0.2,13,local_transverse,84,1026.0,0.08187134502923976
all,10,5,0.2,13,hamiltonian_terms,143,1026.0,0.13937621832358674
all,10,5,0.2,13,transported_local_z,42,1026.0,0.04093567251461988
all,10,5,0.2,13,all_pauli,1026,1026.0,1.0
all,10,5,0.2,14,local_z,36,3824.0,0.009414225941422594
all,10,5,0.2,14,local_transverse,108,3824.0,0.028242677824267783
all,10,5,0.2,14,hamiltonian_terms,260,3824.0,0.06799163179916318
all,10,5,0.2,14,transported_local_z,111,3824.0,0.029027196652719665
all,10,5,0.2,14,all_pauli,3824,3824.0,1.0
all,10,5,0.2,15,local_z,22,1515.0,0.014521452145214522
all,10,5,0.2,15,local_transverse,87,1515.0,0.05742574257425743
all,10,5,0.2,15,hamiltonian_terms,166,1515.0,0.10957095709570958
all,10,5,0.2,15,transported_local_z,63,1515.0,0.041584158415841586
all,10,5,0.2,15,all_pauli,1515,1515.0,1.0
all,10,5,0.2,16,local_z,34,2360.0,0.01440677966101695
all,10,5,0.2,16,local_transverse,157,2360.0,0.06652542372881357
all,10,5,0.2,16,hamiltonian_terms,221,2360.0,0.09364406779661016
all,10,5,0.2,16,transported_local_z,73,2360.0,0.03093220338983051
all,10,5,0.2,16,all_pauli,2360,2360.0,1.0
all,10,5,0.2,17,local_z,15,393.0,0.03816793893129771
all,10,5,0.2,17,local_transverse,49,393.0,0.12468193384223919
all,10,5,0.2,17,hamiltonian_terms,83,393.0,0.21119592875318066
all,10,5,0.2,17,transported_local_z,33,393.0,0.08396946564885496
all,10,5,0.2,17,all_pauli,393,393.0,1.0
all,10,5,0.2,18,local_z,26,1016.0,0.025590551181102362
all,10,5,0.2,18,local_transverse,80,1016.0,0.07874015748031496
all,10,5,0.2,18,hamiltonian_terms,159,1016.0,0.15649606299212598
all,10,5,0.2,18,transported_local_z,36,1016.0,0.03543307086614173
all,10,5,0.2,18,all_pauli,1016,1016.0,1.0
all,10,5,0.2,19,local_z,14,429.0,0.03263403263403263
all,10,5,0.2,19,local_transverse,48,429.0,0.11188811188811189
all,10,5,0.2,19,hamiltonian_terms,73,429.0,0.17016317016317017
all,10,5,0.2,19,transported_local_z,35,429.0,0.08158508158508158
all,10,5,0.2,19,all_pauli,429,429.0,1.0
all,10,5,0.3,0,local_z,17,241.0,0.07053941908713693
all,10,5,0.3,0,local_transverse,74,241.0,0.3070539419087137
all,10,5,0.3,0,hamiltonian_terms,103,241.0,0.42738589211618255
all,10,5,0.3,0,transported_local_z,27,241.0,0.11203319502074689
all,10,5,0.3,0,all_pauli,241,241.0,1.0
all,10,5,0.3,1,local_z,14,823.0,0.01701093560145808
all,10,5,0.3,1,local_transverse,94,823.0,0.11421628189550426
all,10,5,0.3,1,hamiltonian_terms,141,823.0,0.17132442284325639
all,10,5,0.3,1,transported_local_z,49,823.0,0.05953827460510328
all,10,5,0.3,1,all_pauli,823,823.0,1.0
all,10,5,0.3,2,local_z,13,2822.0,0.004606661941885188
all,10,5,0.3,2,local_transverse,47,2822.0,0.016654854712969524
all,10,5,0.3,2,hamiltonian_terms,86,2822.0,0.03047484053862509
all,10,5,0.3,2,transported_local_z,47,2822.0,0.016654854712969524
all,10,5,0.3,2,all_pauli,2822,2822.0,1.0
all,10,5,0.3,3,local_z,32,2486.0,0.012872083668543845
all,10,5,0.3,3,local_transverse,185,2486.0,0.07441673370876911
all,10,5,0.3,3,hamiltonian_terms,329,2486.0,0.13234111021721642
all,10,5,0.3,3,transported_local_z,52,2486.0,0.02091713596138375
all,10,5,0.3,3,all_pauli,2486,2486.0,1.0
all,10,5,0.3,4,local_z,20,1033.0,0.01936108422071636
all,10,5,0.3,4,local_transverse,70,1033.0,0.06776379477250725
all,10,5,0.3,4,hamiltonian_terms,147,1033.0,0.14230396902226525
all,10,5,0.3,4,transported_local_z,85,1033.0,0.08228460793804453
all,10,5,0.3,4,all_pauli,1033,1033.0,1.0
all,10,5,0.3,5,local_z,44,5060.0,0.008695652173913044
all,10,5,0.3,5,local_transverse,245,5060.0,0.04841897233201581
all,10,5,0.3,5,hamiltonian_terms,337,5060.0,0.066600790513834
all,10,5,0.3,5,transported_local_z,116,5060.0,0.02292490118577075
all,10,5,0.3,5,all_pauli,5060,5060.0,1.0
all,10,5,0.3,6,local_z,47,2167.0,0.02168897092754961
all,10,5,0.3,6,local_transverse,141,2167.0,0.06506691278264883
all,10,5,0.3,6,hamiltonian_terms,279,2167.0,0.12874942316566682
all,10,5,0.3,6,transported_local_z,52,2167.0,0.023996308260267652
all,10,5,0.3,6,all_pauli,2167,2167.0,1.0
all,10,5,0.3,7,local_z,25,2162.0,0.01156336725254394
all,10,5,0.3,7,local_transverse,64,2162.0,0.02960222016651249
all,10,5,0.3,7,hamiltonian_terms,158,2162.0,0.0730804810360777
all,10,5,0.3,7,transported_local_z,37,2162.0,0.017113783533765033
all,10,5,0.3,7,all_pauli,2162,2162.0,1.0
all,10,5,0.3,8,local_z,19,757.0,0.02509907529722589
all,10,5,0.3,8,local_transverse,57,757.0,0.07529722589167767
all,10,5,0.3,8,hamiltonian_terms,106,757.0,0.14002642007926025
all,10,5,0.3,8,transported_local_z,32,757.0,0.04227212681638045
all,10,5,0.3,8,all_pauli,757,757.0,1.0
all,10,5,0.3,9,local_z,17,744.0,0.0228494623655914
all,10,5,0.3,9,local_transverse,43,744.0,0.05779569892473118
all,10,5,0.3,9,hamiltonian_terms,80,744.0,0.10752688172043011
all,10,5,0.3,9,transported_local_z,42,744.0,0.056451612903225805
all,10,5,0.3,9,all_pauli,744,744.0,1.0
all,10,5,0.3,10,local_z,18,574.0,0.0313588850174216
all,10,5,0.3,10,local_transverse,57,574.0,0.09930313588850175
all,10,5,0.3,10,hamiltonian_terms,94,574.0,0.16376306620209058
all,10,5,0.3,10,transported_local_z,48,574.0,0.08362369337979095
all,10,5,0.3,10,all_pauli,574,574.0,1.0
all,10,5,0.3,11,local_z,16,2922.0,0.0054757015742642025
all,10,5,0.3,11,local_transverse,43,2922.0,0.014715947980835045
all,10,5,0.3,11,hamiltonian_terms,101,2922.0,0.03456536618754278
all,10,5,0.3,11,transported_local_z,53,2922.0,0.01813826146475017
all,10,5,0.3,11,all_pauli,2922,2922.0,1.0
all,10,5,0.3,12,local_z,28,3766.0,0.007434944237918215
all,10,5,0.3,12,local_transverse,103,3766.0,0.02734997344662772
all,10,5,0.3,12,hamiltonian_terms,128,3766.0,0.033988316516197555
all,10,5,0.3,12,transported_local_z,120,3766.0,0.03186404673393521
all,10,5,0.3,12,all_pauli,3766,3766.0,1.0
all,10,5,0.3,13,local_z,15,777.0,0.019305019305019305
all,10,5,0.3,13,local_transverse,58,777.0,0.07464607464607464
all,10,5,0.3,13,hamiltonian_terms,91,777.0,0.11711711711711711
all,10,5,0.3,13,transported_local_z,28,777.0,0.036036036036036036
all,10,5,0.3,13,all_pauli,777,777.0,1.0
all,10,5,0.3,14,local_z,37,1075.0,0.03441860465116279
all,10,5,0.3,14,local_transverse,93,1075.0,0.08651162790697674
all,10,5,0.3,14,hamiltonian_terms,185,1075.0,0.17209302325581396
all,10,5,0.3,14,transported_local_z,98,1075.0,0.09116279069767441
all,10,5,0.3,14,all_pauli,1075,1075.0,1.0
all,10,5,0.3,15,local_z,19,1697.0,0.011196228638774307
all,10,5,0.3,15,local_transverse,61,1697.0,0.03594578668238067
all,10,5,0.3,15,hamiltonian_terms,110,1697.0,0.0648202710665881
all,10,5,0.3,15,transported_local_z,63,1697.0,0.037124337065409546
all,10,5,0.3,15,all_pauli,1697,1697.0,1.0
all,10,5,0.3,16,local_z,35,1015.0,0.034482758620689655
all,10,5,0.3,16,local_transverse,122,1015.0,0.12019704433497537
all,10,5,0.3,16,hamiltonian_terms,180,1015.0,0.17733990147783252
all,10,5,0.3,16,transported_local_z,144,1015.0,0.14187192118226602
all,10,5,0.3,16,all_pauli,1015,1015.0,1.0
all,10,5,0.3,17,local_z,33,3234.0,0.01020408163265306
all,10,5,0.3,17,local_transverse,140,3234.0,0.04329004329004329
all,10,5,0.3,17,hamiltonian_terms,228,3234.0,0.07050092764378478
all,10,5,0.3,17,transported_local_z,97,3234.0,0.02999381570810142
all,10,5,0.3,17,all_pauli,3234,3234.0,1.0
all,10,5,0.3,18,local_z,25,1278.0,0.019561815336463225
all,10,5,0.3,18,local_transverse,100,1278.0,0.0782472613458529
all,10,5,0.3,18,hamiltonian_terms,135,1278.0,0.1056338028169014
all,10,5,0.3,18,transported_local_z,73,1278.0,0.05712050078247261
all,10,5,0.3,18,all_pauli,1278,1278.0,1.0
all,10,5,0.3,19,local_z,36,3970.0,0.00906801007556675
all,10,5,0.3,19,local_transverse,187,3970.0,0.047103274559193956
all,10,5,0.3,19,hamiltonian_terms,232,3970.0,0.058438287153652395
all,10,5,0.3,19,transported_local_z,171,3970.0,0.043073047858942067
all,10,5,0.3,19,all_pauli,3970,3970.0,1.0
all,12,4,0.1,0,local_z,16,140.0,0.11428571428571428
all,12,4,0.1,0,local_transverse,30,140.0,0.21428571428571427
all,12,4,0.1,0,hamiltonian_terms,48,140.0,0.34285714285714286
all,12,4,0.1,0,transported_local_z,15,140.0,0.10714285714285714
all,12,4,0.1,0,all_pauli,140,140.0,1.0
all,12,4,0.1,1,local_z,13,184.0,0.07065217391304347
all,12,4,0.1,1,local_transverse,40,184.0,0.21739130434782608
all,12,4,0.1,1,hamiltonian_terms,54,184.0,0.29347826086956524
all,12,4,0.1,1,transported_local_z,15,184.0,0.08152173913043478
all,12,4,0.1,1,all_pauli,184,184.0,1.0
all,12,4,0.1,2,local_z,13,59.0,0.22033898305084745
all,12,4,0.1,2,local_transverse,25,59.0,0.423728813559322
all,12,4,0.1,2,hamiltonian_terms,37,59.0,0.6271186440677966
all,12,4,0.1,2,transported_local_z,12,59.0,0.2033898305084746
all,12,4,0.1,2,all_pauli,59,59.0,1.0
all,12,4,0.1,3,local_z,26,144.0,0.18055555555555555
all,12,4,0.1,3,local_transverse,61,144.0,0.4236111111111111
all,12,4,0.1,3,hamiltonian_terms,86,144.0,0.5972222222222222
all,12,4,0.1,3,transported_local_z,42,144.0,0.2916666666666667
all,12,4,0.1,3,all_pauli,144,144.0,1.0
all,12,4,0.1,4,local_z,12,36.0,0.3333333333333333
all,12,4,0.1,4,local_transverse,24,36.0,0.6666666666666666
all,12,4,0.1,4,hamiltonian_terms,35,36.0,0.9722222222222222
all,12,4,0.1,4,transported_local_z,12,36.0,0.3333333333333333
all,12,4,0.1,4,all_pauli,36,36.0,1.0
all,12,4,0.1,5,local_z,12,262.0,0.04580152671755725
all,12,4,0.1,5,local_transverse,28,262.0,0.10687022900763359
all,12,4,0.1,5,hamiltonian_terms,52,262.0,0.1984732824427481
all,12,4,0.1,5,transported_local_z,31,262.0,0.1183206106870229
all,12,4,0.1,5,all_pauli,262,262.0,1.0
all,12,4,0.1,6,local_z,11,39.0,0.28205128205128205
all,12,4,0.1,6,local_transverse,22,39.0,0.5641025641025641
all,12,4,0.1,6,hamiltonian_terms,33,39.0,0.8461538461538461
all,12,4,0.1,6,transported_local_z,13,39.0,0.3333333333333333
all,12,4,0.1,6,all_pauli,39,39.0,1.0
all,12,4,0.1,7,local_z,11,60.0,0.18333333333333332
all,12,4,0.1,7,local_transverse,24,60.0,0.4
all,12,4,0.1,7,hamiltonian_terms,37,60.0,0.6166666666666667
all,12,4,0.1,7,transported_local_z,12,60.0,0.2
all,12,4,0.1,7,all_pauli,60,60.0,1.0
all,12,4,0.1,8,local_z,11,47.0,0.23404255319148937
all,12,4,0.1,8,local_transverse,25,47.0,0.5319148936170213
all,12,4,0.1,8,hamiltonian_terms,35,47.0,0.7446808510638298
all,12,4,0.1,8,transported_local_z,13,47.0,0.2765957446808511
all,12,4,0.1,8,all_pauli,47,47.0,1.0
all,12,4,0.1,9,local_z,18,286.0,0.06293706293706294
all,12,4,0.1,9,local_transverse,47,286.0,0.16433566433566432
all,12,4,0.1,9,hamiltonian_terms,67,286.0,0.23426573426573427
all,12,4,0.1,9,transported_local_z,27,286.0,0.0944055944055944
all,12,4,0.1,9,all_pauli,286,286.0,1.0
all,12,4,0.1,10,local_z,11,48.0,0.22916666666666666
all,12,4,0.1,10,local_transverse,27,48.0,0.5625
all,12,4,0.1,10,hamiltonian_terms,44,48.0,0.9166666666666666
all,12,4,0.1,10,transported_local_z,17,48.0,0.3541666666666667
all,12,4,0.1,10,all_pauli,48,48.0,1.0
all,12,4,0.1,11,local_z,11,56.0,0.19642857142857142
all,12,4,0.1,11,local_transverse,33,56.0,0.5892857142857143
all,12,4,0.1,11,hamiltonian_terms,38,56.0,0.6785714285714286
all,12,4,0.1,11,transported_local_z,15,56.0,0.26785714285714285
all,12,4,0.1,11,all_pauli,56,56.0,1.0
all,12,4,0.1,12,local_z,17,148.0,0.11486486486486487
all,12,4,0.1,12,local_transverse,41,148.0,0.27702702702702703
all,12,4,0.1,12,hamiltonian_terms,60,148.0,0.40540540540540543
all,12,4,0.1,12,transported_local_z,18,148.0,0.12162162162162163
all,12,4,0.1,12,all_pauli,148,148.0,1.0
all,12,4,0.1,13,local_z,12,51.0,0.23529411764705882
all,12,4,0.1,13,local_transverse,32,51.0,0.6274509803921569
all,12,4,0.1,13,hamiltonian_terms,41,51.0,0.803921568627451
all,12,4,0.1,13,transported_local_z,16,51.0,0.3137254901960784
all,12,4,0.1,13,all_pauli,51,51.0,1.0
all,12,4,0.1,14,local_z,11,52.0,0.21153846153846154
all,12,4,0.1,14,local_transverse,22,52.0,0.4230769230769231
all,12,4,0.1,14,hamiltonian_terms,37,52.0,0.7115384615384616
all,12,4,0.1,14,transported_local_z,13,52.0,0.25
all,12,4,0.1,14,all_pauli,52,52.0,1.0
all,12,4,0.1,15,local_z,14,192.0,0.07291666666666667
all,12,4,0.1,15,local_transverse,32,192.0,0.16666666666666666
all,12,4,0.1,15,hamiltonian_terms,53,192.0,0.2760416666666667
all,12,4,0.1,15,transported_local_z,24,192.0,0.125
all,12,4,0.1,15,all_pauli,192,192.0,1.0
all,12,4,0.1,16,local_z,14,83.0,0.1686746987951807
all,12,4,0.1,16,local_transverse,26,83.0,0.3132530120481928
all,12,4,0.1,16,hamiltonian_terms,42,83.0,0.5060240963855421
all,12,4,0.1,16,transported_local_z,14,83.0,0.1686746987951807
all,12,4,0.1,16,all_pauli,83,83.0,1.0
all,12,4,0.1,17,local_z,16,587.0,0.027257240204429302
all,12,4,0.1,17,local_transverse,46,587.0,0.07836456558773425
all,12,4,0.1,17,hamiltonian_terms,84,587.0,0.14310051107325383
all,12,4,0.1,17,transported_local_z,40,587.0,0.06814310051107325
all,12,4,0.1,17,all_pauli,587,587.0,1.0
all,12,4,0.1,18,local_z,14,53.0,0.2641509433962264
all,12,4,0.1,18,local_transverse,28,53.0,0.5283018867924528
all,12,4,0.1,18,hamiltonian_terms,41,53.0,0.7735849056603774
all,12,4,0.1,18,transported_local_z,14,53.0,0.2641509433962264
all,12,4,0.1,18,all_pauli,53,53.0,1.0
all,12,4,0.1,19,local_z,13,101.0,0.12871287128712872
all,12,4,0.1,19,local_transverse,25,101.0,0.24752475247524752
all,12,4,0.1,19,hamiltonian_terms,43,101.0,0.42574257425742573
all,12,4,0.1,19,transported_local_z,16,101.0,0.15841584158415842
all,12,4,0.1,19,all_pauli,101,101.0,1.0
all,12,4,0.2,0,local_z,12,122.0,0.09836065573770492
all,12,4,0.2,0,local_transverse,26,122.0,0.21311475409836064
all,12,4,0.2,0,hamiltonian_terms,47,122.0,0.38524590163934425
all,12,4,0.2,0,transported_local_z,17,122.0,0.13934426229508196
all,12,4,0.2,0,all_pauli,122,122.0,1.0
all,12,4,0.2,1,local_z,12,141.0,0.0851063829787234
all,12,4,0.2,1,local_transverse,39,141.0,0.2765957446808511
all,12,4,0.2,1,hamiltonian_terms,58,141.0,0.41134751773049644
all,12,4,0.2,1,transported_local_z,22,141.0,0.15602836879432624
all,12,4,0.2,1,all_pauli,141,141.0,1.0
all,12,4,0.2,2,local_z,17,231.0,0.0735930735930736
all,12,4,0.2,2,local_transverse,48,231.0,0.2077922077922078
all,12,4,0.2,2,hamiltonian_terms,81,231.0,0.35064935064935066
all,12,4,0.2,2,transported_local_z,27,231.0,0.11688311688311688
all,12,4,0.2,2,all_pauli,231,231.0,1.0
all,12,4,0.2,3,local_z,21,1696.0,0.012382075471698114
all,12,4,0.2,3,local_transverse,64,1696.0,0.03773584905660377
all,12,4,0.2,3,hamiltonian_terms,154,1696.0,0.09080188679245282
all,12,4,0.2,3,transported_local_z,60,1696.0,0.03537735849056604
all,12,4,0.2,3,all_pauli,1696,1696.0,1.0
all,12,4,0.2,4,local_z,30,1591.0,0.018856065367693273
all,12,4,0.2,4,local_transverse,88,1591.0,0.05531112507856694
all,12,4,0.2,4,hamiltonian_terms,185,1591.0,0.11627906976744186
all,12,4,0.2,4,transported_local_z,60,1591.0,0.03771213073538655
all,12,4,0.2,4,all_pauli,1591,1591.0,1.0
all,12,4,0.2,5,local_z,16,1324.0,0.012084592145015106
all,12,4,0.2,5,local_transverse,39,1324.0,0.02945619335347432
all,12,4,0.2,5,hamiltonian_terms,84,1324.0,0.0634441087613293
all,12,4,0.2,5,transported_local_z,22,1324.0,0.01661631419939577
all,12,4,0.2,5,all_pauli,1324,1324.0,1.0
all,12,4,0.2,6,local_z,17,223.0,0.07623318385650224
all,12,4,0.2,6,local_transverse,43,223.0,0.19282511210762332
all,12,4,0.2,6,hamiltonian_terms,87,223.0,0.3901345291479821
all,12,4,0.2,6,transported_local_z,25,223.0,0.11210762331838565
all,12,4,0.2,6,all_pauli,223,223.0,1.0
all,12,4,0.2,7,local_z,20,3010.0,0.006644518272425249
all,12,4,0.2,7,local_transverse,92,3010.0,0.030564784053156147
all,12,4,0.2,7,hamiltonian_terms,152,3010.0,0.0504983388704319
all,12,4,0.2,7,transported_local_z,39,3010.0,0.012956810631229236
all,12,4,0.2,7,all_pauli,3010,3010.0,1.0
all,12,4,0.2,8,local_z,14,313.0,0.04472843450479233
all,12,4,0.2,8,local_transverse,27,313.0,0.08626198083067092
all,12,4,0.2,8,hamiltonian_terms,64,313.0,0.20447284345047922
all,12,4,0.2,8,transported_local_z,23,313.0,0.07348242811501597
all,12,4,0.2,8,all_pauli,313,313.0,1.0
all,12,4,0.2,9,local_z,17,246.0,0.06910569105691057
all,12,4,0.2,9,local_transverse,41,246.0,0.16666666666666666
all,12,4,0.2,9,hamiltonian_terms,68,246.0,0.2764227642276423
all,12,4,0.2,9,transported_local_z,31,246.0,0.12601626016260162
all,12,4,0.2,9,all_pauli,246,246.0,1.0
all,12,4,0.2,10,local_z,19,542.0,0.03505535055350553
all,12,4,0.2,10,local_transverse,42,542.0,0.07749077490774908
all,12,4,0.2,10,hamiltonian_terms,93,542.0,0.17158671586715868
all,12,4,0.2,10,transported_local_z,27,542.0,0.04981549815498155
all,12,4,0.2,10,all_pauli,542,542.0,1.0
all,12,4,0.2,11,local_z,18,219.0,0.0821917808219178
all,12,4,0.2,11,local_transverse,41,219.0,0.1872146118721461
all,12,4,0.2,11,hamiltonian_terms,64,219.0,0.2922374429223744
all,12,4,0.2,11,transported_local_z,19,219.0,0.0867579908675799
all,12,4,0.2,11,all_pauli,219,219.0,1.0
all,12,4,0.2,12,local_z,23,2032.0,0.011318897637795276
all,12,4,0.2,12,local_transverse,61,2032.0,0.030019685039370077
all,12,4,0.2,12,hamiltonian_terms,119,2032.0,0.05856299212598425
all,12,4,0.2,12,transported_local_z,36,2032.0,0.017716535433070866
all,12,4,0.2,12,all_pauli,2032,2032.0,1.0
all,12,4,0.2,13,local_z,16,88.0,0.18181818181818182
all,12,4,0.2,13,local_transverse,37,88.0,0.42045454545454547
all,12,4,0.2,13,hamiltonian_terms,50,88.0,0.5681818181818182
all,12,4,0.2,13,transported_local_z,16,88.0,0.18181818181818182
all,12,4,0.2,13,all_pauli,88,88.0,1.0
all,12,4,0.2,14,local_z,23,2086.0,0.01102588686481304
all,12,4,0.2,14,local_transverse,51,2086.0,0.02444870565675935
all,12,4,0.2,14,hamiltonian_terms,149,2086.0,0.07142857142857142
all,12,4,0.2,14,transported_local_z,74,2086.0,0.03547459252157239
all,12,4,0.2,14,all_pauli,2086,2086.0,1.0
all,12,4,0.2,15,local_z,17,689.0,0.02467343976777939
all,12,4,0.2,15,local_transverse,37,689.0,0.05370101596516691
all,12,4,0.2,15,hamiltonian_terms,76,689.0,0.11030478955007257
all,12,4,0.2,15,transported_local_z,25,689.0,0.036284470246734396
all,12,4,0.2,15,all_pauli,689,689.0,1.0
all,12,4,0.2,16,local_z,17,456.0,0.03728070175438596
all,12,4,0.2,16,local_transverse,37,456.0,0.08114035087719298
all,12,4,0.2,16,hamiltonian_terms,84,456.0,0.18421052631578946
all,12,4,0.2,16,transported_local_z,32,456.0,0.07017543859649122
all,12,4,0.2,16,all_pauli,456,456.0,1.0
all,12,4,0.2,17,local_z,13,364.0,0.03571428571428571
all,12,4,0.2,17,local_transverse,36,364.0,0.0989010989010989
all,12,4,0.2,17,hamiltonian_terms,68,364.0,0.18681318681318682
all,12,4,0.2,17,transported_local_z,21,364.0,0.057692307692307696
all,12,4,0.2,17,all_pauli,364,364.0,1.0
all,12,4,0.2,18,local_z,26,356.0,0.07303370786516854
all,12,4,0.2,18,local_transverse,44,356.0,0.12359550561797752
all,12,4,0.2,18,hamiltonian_terms,83,356.0,0.23314606741573032
all,12,4,0.2,18,transported_local_z,28,356.0,0.07865168539325842
all,12,4,0.2,18,all_pauli,356,356.0,1.0
all,12,4,0.2,19,local_z,11,236.0,0.046610169491525424
all,12,4,0.2,19,local_transverse,29,236.0,0.1228813559322034
all,12,4,0.2,19,hamiltonian_terms,55,236.0,0.2330508474576271
all,12,4,0.2,19,transported_local_z,22,236.0,0.09322033898305085
all,12,4,0.2,19,all_pauli,236,236.0,1.0
all,12,4,0.3,0,local_z,21,589.0,0.035653650254668934
all,12,4,0.3,0,local_transverse,72,589.0,0.12224108658743633
all,12,4,0.3,0,hamiltonian_terms,123,589.0,0.20882852292020374
all,12,4,0.3,0,transported_local_z,33,589.0,0.05602716468590832
all,12,4,0.3,0,all_pauli,589,589.0,1.0
all,12,4,0.3,1,local_z,22,1458.0,0.015089163237311385
all,12,4,0.3,1,local_transverse,79,1458.0,0.0541838134430727
all,12,4,0.3,1,hamiltonian_terms,130,1458.0,0.08916323731138547
all,12,4,0.3,1,transported_local_z,54,1458.0,0.037037037037037035
all,12,4,0.3,1,all_pauli,1458,1458.0,1.0
all,12,4,0.3,2,local_z,17,679.0,0.025036818851251842
all,12,4,0.3,2,local_transverse,47,679.0,0.06921944035346098
all,12,4,0.3,2,hamiltonian_terms,89,679.0,0.13107511045655376
all,12,4,0.3,2,transported_local_z,39,679.0,0.05743740795287187
all,12,4,0.3,2,all_pauli,679,679.0,1.0
all,12,4,0.3,3,local_z,19,2232.0,0.008512544802867384
all,12,4,0.3,3,local_transverse,72,2232.0,0.03225806451612903
all,12,4,0.3,3,hamiltonian_terms,128,2232.0,0.05734767025089606
all,12,4,0.3,3,transported_local_z,36,2232.0,0.016129032258064516
all,12,4,0.3,3,all_pauli,2232,2232.0,1.0
all,12,4,0.3,4,local_z,21,1005.0,0.020895522388059702
all,12,4,0.3,4,local_transverse,62,1005.0,0.061691542288557215
all,12,4,0.3,4,hamiltonian_terms,131,1005.0,0.13034825870646766
all,12,4,0.3,4,transported_local_z,33,1005.0,0.03283582089552239
all,12,4,0.3,4,all_pauli,1005,1005.0,1.0
all,12,4,0.3,5,local_z,16,198.0,0.08080808080808081
all,12,4,0.3,5,local_transverse,34,198.0,0.1717171717171717
all,12,4,0.3,5,hamiltonian_terms,65,198.0,0.3282828282828283
all,12,4,0.3,5,transported_local_z,26,198.0,0.13131313131313133
all,12,4,0.3,5,all_pauli,198,198.0,1.0
all,12,4,0.3,6,local_z,15,593.0,0.025295109612141653
all,12,4,0.3,6,local_transverse,40,593.0,0.06745362563237774
all,12,4,0.3,6,hamiltonian_terms,67,593.0,0.11298482293423272
all,12,4,0.3,6,transported_local_z,20,593.0,0.03372681281618887
all,12,4,0.3,6,all_pauli,593,593.0,1.0
all,12,4,0.3,7,local_z,32,1263.0,0.025336500395882817
all,12,4,0.3,7,local_transverse,66,1263.0,0.052256532066508314
all,12,4,0.3,7,hamiltonian_terms,134,1263.0,0.1060965954077593
all,12,4,0.3,7,transported_local_z,48,1263.0,0.03800475059382423
all,12,4,0.3,7,all_pauli,1263,1263.0,1.0
all,12,4,0.3,8,local_z,18,1362.0,0.013215859030837005
all,12,4,0.3,8,local_transverse,45,1362.0,0.03303964757709251
all,12,4,0.3,8,hamiltonian_terms,90,1362.0,0.06607929515418502
all,12,4,0.3,8,transported_local_z,47,1362.0,0.03450807635829662
all,12,4,0.3,8,all_pauli,1362,1362.0,1.0
all,12,4,0.3,9,local_z,20,845.0,0.023668639053254437
all,12,4,0.3,9,local_transverse,96,845.0,0.1136094674556213
all,12,4,0.3,9,hamiltonian_terms,150,845.0,0.17751479289940827
all,12,4,0.3,9,transported_local_z,25,845.0,0.029585798816568046
all,12,4,0.3,9,all_pauli,845,845.0,1.0
all,12,4,0.3,10,local_z,15,467.0,0.032119914346895075
all,12,4,0.3,10,local_transverse,50,467.0,0.10706638115631692
all,12,4,0.3,10,hamiltonian_terms,84,467.0,0.17987152034261242
all,12,4,0.3,10,transported_local_z,22,467.0,0.047109207708779445
all,12,4,0.3,10,all_pauli,467,467.0,1.0
all,12,4,0.3,11,local_z,18,912.0,0.019736842105263157
all,12,4,0.3,11,local_transverse,55,912.0,0.06030701754385965
all,12,4,0.3,11,hamiltonian_terms,106,912.0,0.1162280701754386
all,12,4,0.3,11,transported_local_z,36,912.0,0.039473684210526314
all,12,4,0.3,11,all_pauli,912,912.0,1.0
all,12,4,0.3,12,local_z,24,358.0,0.0670391061452514
all,12,4,0.3,12,local_transverse,55,358.0,0.15363128491620112
all,12,4,0.3,12,hamiltonian_terms,101,358.0,0.28212290502793297
all,12,4,0.3,12,transported_local_z,24,358.0,0.0670391061452514
all,12,4,0.3,12,all_pauli,358,358.0,1.0
all,12,4,0.3,13,local_z,17,381.0,0.04461942257217848
all,12,4,0.3,13,local_transverse,48,381.0,0.12598425196850394
all,12,4,0.3,13,hamiltonian_terms,70,381.0,0.1837270341207349
all,12,4,0.3,13,transported_local_z,38,381.0,0.09973753280839895
all,12,4,0.3,13,all_pauli,381,381.0,1.0
all,12,4,0.3,14,local_z,26,3372.0,0.00771055753262159
all,12,4,0.3,14,local_transverse,90,3372.0,0.026690391459074734
all,12,4,0.3,14,hamiltonian_terms,135,3372.0,0.0400355871886121
all,12,4,0.3,14,transported_local_z,80,3372.0,0.02372479240806643
all,12,4,0.3,14,all_pauli,3372,3372.0,1.0
all,12,4,0.3,15,local_z,14,674.0,0.020771513353115726
all,12,4,0.3,15,local_transverse,30,674.0,0.04451038575667656
all,12,4,0.3,15,hamiltonian_terms,63,674.0,0.09347181008902077
all,12,4,0.3,15,transported_local_z,30,674.0,0.04451038575667656
all,12,4,0.3,15,all_pauli,674,674.0,1.0
all,12,4,0.3,16,local_z,28,2448.0,0.011437908496732025
all,12,4,0.3,16,local_transverse,118,2448.0,0.04820261437908497
all,12,4,0.3,16,hamiltonian_terms,242,2448.0,0.0988562091503268
all,12,4,0.3,16,transported_local_z,37,2448.0,0.01511437908496732
all,12,4,0.3,16,all_pauli,2448,2448.0,1.0
all,12,4,0.3,17,local_z,17,244.0,0.06967213114754098
all,12,4,0.3,17,local_transverse,38,244.0,0.1557377049180328
all,12,4,0.3,17,hamiltonian_terms,64,244.0,0.26229508196721313
all,12,4,0.3,17,transported_local_z,17,244.0,0.06967213114754098
all,12,4,0.3,17,all_pauli,244,244.0,1.0
all,12,4,0.3,18,local_z,19,4369.0,0.00434882124055848
all,12,4,0.3,18,local_transverse,41,4369.0,0.009384298466468299
all,12,4,0.3,18,hamiltonian_terms,78,4369.0,0.017853055619134812
all,12,4,0.3,18,transported_local_z,45,4369.0,0.010299839780270085
all,12,4,0.3,18,all_pauli,4369,4369.0,1.0
all,12,4,0.3,19,local_z,24,3336.0,0.007194244604316547
all,12,4,0.3,19,local_transverse,59,3336.0,0.017685851318944845
all,12,4,0.3,19,hamiltonian_terms,144,3336.0,0.04316546762589928
all,12,4,0.3,19,transported_local_z,47,3336.0,0.01408872901678657
all,12,4,0.3,19,all_pauli,3336,3336.0,1.0
n12_density_0.20,12,4,0.2,0,local_z,12,122.0,0.09836065573770492
n12_density_0.20,12,4,0.2,0,local_transverse,26,122.0,0.21311475409836064
n12_density_0.20,12,4,0.2,0,hamiltonian_terms,47,122.0,0.38524590163934425
n12_density_0.20,12,4,0.2,0,transported_local_z,17,122.0,0.13934426229508196
n12_density_0.20,12,4,0.2,0,all_pauli,122,122.0,1.0
n12_density_0.20,12,4,0.2,1,local_z,12,141.0,0.0851063829787234
n12_density_0.20,12,4,0.2,1,local_transverse,39,141.0,0.2765957446808511
n12_density_0.20,12,4,0.2,1,hamiltonian_terms,58,141.0,0.41134751773049644
n12_density_0.20,12,4,0.2,1,transported_local_z,22,141.0,0.15602836879432624
n12_density_0.20,12,4,0.2,1,all_pauli,141,141.0,1.0
n12_density_0.20,12,4,0.2,2,local_z,17,231.0,0.0735930735930736
n12_density_0.20,12,4,0.2,2,local_transverse,48,231.0,0.2077922077922078
n12_density_0.20,12,4,0.2,2,hamiltonian_terms,81,231.0,0.35064935064935066
n12_density_0.20,12,4,0.2,2,transported_local_z,27,231.0,0.11688311688311688
n12_density_0.20,12,4,0.2,2,all_pauli,231,231.0,1.0
n12_density_0.20,12,4,0.2,3,local_z,21,1696.0,0.012382075471698114
n12_density_0.20,12,4,0.2,3,local_transverse,64,1696.0,0.03773584905660377
n12_density_0.20,12,4,0.2,3,hamiltonian_terms,154,1696.0,0.09080188679245282
n12_density_0.20,12,4,0.2,3,transported_local_z,60,1696.0,0.03537735849056604
n12_density_0.20,12,4,0.2,3,all_pauli,1696,1696.0,1.0
n12_density_0.20,12,4,0.2,4,local_z,30,1591.0,0.018856065367693273
n12_density_0.20,12,4,0.2,4,local_transverse,88,1591.0,0.05531112507856694
n12_density_0.20,12,4,0.2,4,hamiltonian_terms,185,1591.0,0.11627906976744186
n12_density_0.20,12,4,0.2,4,transported_local_z,60,1591.0,0.03771213073538655
n12_density_0.20,12,4,0.2,4,all_pauli,1591,1591.0,1.0
n12_density_0.20,12,4,0.2,5,local_z,16,1324.0,0.012084592145015106
n12_density_0.20,12,4,0.2,5,local_transverse,39,1324.0,0.02945619335347432
n12_density_0.20,12,4,0.2,5,hamiltonian_terms,84,1324.0,0.0634441087613293
n12_density_0.20,12,4,0.2,5,transported_local_z,22,1324.0,0.01661631419939577
n12_density_0.20,12,4,0.2,5,all_pauli,1324,1324.0,1.0
n12_density_0.20,12,4,0.2,6,local_z,17,223.0,0.07623318385650224
n12_density_0.20,12,4,0.2,6,local_transverse,43,223.0,0.19282511210762332
n12_density_0.20,12,4,0.2,6,hamiltonian_terms,87,223.0,0.3901345291479821
n12_density_0.20,12,4,0.2,6,transported_local_z,25,223.0,0.11210762331838565
n12_density_0.20,12,4,0.2,6,all_pauli,223,223.0,1.0
n12_density_0.20,12,4,0.2,7,local_z,20,3010.0,0.006644518272425249
n12_density_0.20,12,4,0.2,7,local_transverse,92,3010.0,0.030564784053156147
n12_density_0.20,12,4,0.2,7,hamiltonian_terms,152,3010.0,0.0504983388704319
n12_density_0.20,12,4,0.2,7,transported_local_z,39,3010.0,0.012956810631229236
n12_density_0.20,12,4,0.2,7,all_pauli,3010,3010.0,1.0
n12_density_0.20,12,4,0.2,8,local_z,14,313.0,0.04472843450479233
n12_density_0.20,12,4,0.2,8,local_transverse,27,313.0,0.08626198083067092
n12_density_0.20,12,4,0.2,8,hamiltonian_terms,64,313.0,0.20447284345047922
n12_density_0.20,12,4,0.2,8,transported_local_z,23,313.0,0.07348242811501597
n12_density_0.20,12,4,0.2,8,all_pauli,313,313.0,1.0
n12_density_0.20,12,4,0.2,9,local_z,17,246.0,0.06910569105691057
n12_density_0.20,12,4,0.2,9,local_transverse,41,246.0,0.16666666666666666
n12_density_0.20,12,4,0.2,9,hamiltonian_terms,68,246.0,0.2764227642276423
n12_density_0.20,12,4,0.2,9,transported_local_z,31,246.0,0.12601626016260162
n12_density_0.20,12,4,0.2,9,all_pauli,246,246.0,1.0
n12_density_0.20,12,4,0.2,10,local_z,19,542.0,0.03505535055350553
n12_density_0.20,12,4,0.2,10,local_transverse,42,542.0,0.07749077490774908
n12_density_0.20,12,4,0.2,10,hamiltonian_terms,93,542.0,0.17158671586715868
n12_density_0.20,12,4,0.2,10,transported_local_z,27,542.0,0.04981549815498155
n12_density_0.20,12,4,0.2,10,all_pauli,542,542.0,1.0
n12_density_0.20,12,4,0.2,11,local_z,18,219.0,0.0821917808219178
n12_density_0.20,12,4,0.2,11,local_transverse,41,219.0,0.1872146118721461
n12_density_0.20,12,4,0.2,11,hamiltonian_terms,64,219.0,0.2922374429223744
n12_density_0.20,12,4,0.2,11,transported_local_z,19,219.0,0.0867579908675799
n12_density_0.20,12,4,0.2,11,all_pauli,219,219.0,1.0
n12_density_0.20,12,4,0.2,12,local_z,23,2032.0,0.011318897637795276
n12_density_0.20,12,4,0.2,12,local_transverse,61,2032.0,0.030019685039370077
n12_density_0.20,12,4,0.2,12,hamiltonian_terms,119,2032.0,0.05856299212598425
n12_density_0.20,12,4,0.2,12,transported_local_z,36,2032.0,0.017716535433070866
n12_density_0.20,12,4,0.2,12,all_pauli,2032,2032.0,1.0
n12_density_0.20,12,4,0.2,13,local_z,16,88.0,0.18181818181818182
n12_density_0.20,12,4,0.2,13,local_transverse,37,88.0,0.42045454545454547
n12_density_0.20,12,4,0.2,13,hamiltonian_terms,50,88.0,0.5681818181818182
n12_density_0.20,12,4,0.2,13,transported_local_z,16,88.0,0.18181818181818182
n12_density_0.20,12,4,0.2,13,all_pauli,88,88.0,1.0
n12_density_0.20,12,4,0.2,14,local_z,23,2086.0,0.01102588686481304
n12_density_0.20,12,4,0.2,14,local_transverse,51,2086.0,0.02444870565675935
n12_density_0.20,12,4,0.2,14,hamiltonian_terms,149,2086.0,0.07142857142857142
n12_density_0.20,12,4,0.2,14,transported_local_z,74,2086.0,0.03547459252157239
n12_density_0.20,12,4,0.2,14,all_pauli,2086,2086.0,1.0
n12_density_0.20,12,4,0.2,15,local_z,17,689.0,0.02467343976777939
n12_density_0.20,12,4,0.2,15,local_transverse,37,689.0,0.05370101596516691
n12_density_0.20,12,4,0.2,15,hamiltonian_terms,76,689.0,0.11030478955007257
n12_density_0.20,12,4,0.2,15,transported_local_z,25,689.0,0.036284470246734396
n12_density_0.20,12,4,0.2,15,all_pauli,689,689.0,1.0
n12_density_0.20,12,4,0.2,16,local_z,17,456.0,0.03728070175438596
n12_density_0.20,12,4,0.2,16,local_transverse,37,456.0,0.08114035087719298
n12_density_0.20,12,4,0.2,16,hamiltonian_terms,84,456.0,0.18421052631578946
n12_density_0.20,12,4,0.2,16,transported_local_z,32,456.0,0.07017543859649122
n12_density_0.20,12,4,0.2,16,all_pauli,456,456.0,1.0
n12_density_0.20,12,4,0.2,17,local_z,13,364.0,0.03571428571428571
n12_density_0.20,12,4,0.2,17,local_transverse,36,364.0,0.0989010989010989
n12_density_0.20,12,4,0.2,17,hamiltonian_terms,68,364.0,0.18681318681318682
n12_density_0.20,12,4,0.2,17,transported_local_z,21,364.0,0.057692307692307696
n12_density_0.20,12,4,0.2,17,all_pauli,364,364.0,1.0
n12_density_0.20,12,4,0.2,18,local_z,26,356.0,0.07303370786516854
n12_density_0.20,12,4,0.2,18,local_transverse,44,356.0,0.12359550561797752
n12_density_0.20,12,4,0.2,18,hamiltonian_terms,83,356.0,0.23314606741573032
n12_density_0.20,12,4,0.2,18,transported_local_z,28,356.0,0.07865168539325842
n12_density_0.20,12,4,0.2,18,all_pauli,356,356.0,1.0
n12_density_0.20,12,4,0.2,19,local_z,11,236.0,0.046610169491525424
n12_density_0.20,12,4,0.2,19,local_transverse,29,236.0,0.1228813559322034
n12_density_0.20,12,4,0.2,19,hamiltonian_terms,55,236.0,0.2330508474576271
n12_density_0.20,12,4,0.2,19,transported_local_z,22,236.0,0.09322033898305085
n12_density_0.20,12,4,0.2,19,all_pauli,236,236.0,1.0
