label,source,n_qubits,depth,num_gates,circuit,median_c2,mean_c2,max_c2,median_cancellation,operator_magic
T_layer_n1,constructed,1,1,1,T0,0.0,0.0,0.0,0.0,0.28768207245177946
H_layer_n1,constructed,1,1,1,H0,0.0,0.0,0.0,0.0,0.0
simple_clifford_n1_L1,constructed,1,1,4,H0 S0 H0 S0,0.6931471805599453,0.6931471805599453,0.6931471805599453,0.3465735902799726,0.0
simple_clifford_n1_L2,constructed,1,2,8,H0 S0 H0 S0 H0 S0 H0 S0,2.0794415416798357,2.0794415416798357,2.0794415416798357,1.039720770839918,0.0
simple_clifford_n1_L3,constructed,1,3,12,H0 S0 H0 S0 H0 S0 H0 S0 H0 S0 H0 S0,3.4657359027997265,3.4657359027997265,3.4657359027997265,15.201804919084164,0.0
T_layer_n2,constructed,2,1,2,T0 T1,0.0,0.0,0.0,0.0,0.5753641449035617
H_layer_n2,constructed,2,1,2,H0 H1,0.0,0.0,0.0,0.0,0.0
simple_clifford_n2_L1,constructed,2,1,8,H0 H1 S0 S1 H0 H1 S0 S1,1.3862943611198906,1.3862943611198906,1.3862943611198906,0.6931471805599453,0.0
simple_clifford_n2_L2,constructed,2,2,16,H0 H1 S0 S1 H0 H1 S0 S1 H0 H1 S0 S1 H0 H1 S0 S1,4.1588830833596715,4.1588830833596715,4.1588830833596715,2.0794415416798357,0.0
simple_clifford_n2_L3,constructed,2,3,24,H0 H1 S0 S1 H0 H1 S0 S1 H0 H1 S0 S1 H0 H1 S0 S1 H0 H1 S0 S1 H0 H1 S0 S1,6.931471805599453,6.931471805599453,6.931471805599453,30.40360983816833,0.0
T_layer_n3,constructed,3,1,3,T0 T1 T2,0.0,0.0,0.0,0.0,0.8630462173553428
H_layer_n3,constructed,3,1,3,H0 H1 H2,0.0,0.0,0.0,0.0,0.0
simple_clifford_n3_L1,constructed,3,1,12,H0 H1 H2 S0 S1 S2 H0 H1 H2 S0 S1 S2,2.0794415416798357,2.0794415416798357,2.0794415416798357,1.0397207708399179,0.0
simple_clifford_n3_L2,constructed,3,2,24,H0 H1 H2 S0 S1 S2 H0 H1 H2 S0 S1 S2 H0 H1 H2 S0 S1 S2 H0 H1 H2 S0 S1 S2,6.238324625039508,6.238324625039509,6.238324625039508,3.1191623125197543,0.0
simple_clifford_n3_L3,constructed,3,3,36,H0 H1 H2 S0 S1 S2 H0 H1 H2 S0 S1 S2 H0 H1 H2 S0 S1 S2 H0 H1 H2 S0 S1 S2 H0 H1 H2 S0 S1 S2 H0 H1 H2 S0 S1 S2,10.39720770839918,10.39720770839918,10.39720770839918,31.78990419928822,0.0
brickwork_clifford_n2_L1,constructed,2,1,8,"H0 H1 CZ0,1 H0 H1 S0 S1 CZ0,1",1.3862943611198906,1.3862943611198906,1.3862943611198906,0.6931471805599453,0.0
brickwork_clifford_n2_L2,constructed,2,2,16,"H0 H1 CZ0,1 H0 H1 S0 S1 CZ0,1 H0 H1 CZ0,1 H0 H1 S0 S1 CZ0,1",4.1588830833596715,4.1588830833596715,4.1588830833596715,15.375091714224151,0.0
brickwork_clifford_n2_L3,constructed,2,3,24,"H0 H1 CZ0,1 H0 H1 S0 S1 CZ0,1 H0 H1 CZ0,1 H0 H1 S0 S1 CZ0,1 H0 H1 CZ0,1 H0 H1 S0 S1 CZ0,1",6.931471805599453,6.931471805599453,6.931471805599453,3.465735902799727,0.0
brickwork_clifford_n2_L4,constructed,2,4,32,"H0 H1 CZ0,1 H0 H1 S0 S1 CZ0,1 H0 H1 CZ0,1 H0 H1 S0 S1 CZ0,1 H0 H1 CZ0,1 H0 H1 S0 S1 CZ0,1 H0 H1 CZ0,1 H0 H1 S0 S1 CZ0,1",9.704060527839234,9.704060527839234,9.704060527839234,31.78990419928822,0.0
sample_n1_d1_001,sample,1,1,1,T0,0.0,0.0,0.0,0.0,0.28768207245177946
sample_n1_d1_002,sample,1,1,1,S0,0.0,0.0,0.0,0.0,0.0
sample_n1_d1_003,sample,1,1,1,H0,0.0,0.0,0.0,0.0,0.0
sample_n1_d2_001,sample,1,2,2,H0 S0,0.0,0.0,0.0,0.0,0.0
sample_n1_d2_002,sample,1,2,2,S0 S0,0.0,0.0,0.0,0.0,0.0
sample_n1_d2_003,sample,1,2,2,T0 H0,0.0,0.0,0.0,0.0,0.2876820724517809
sample_n1_d2_004,sample,1,2,2,H0 T0,0.0,0.0,0.0,0.0,0.2876820724517809
sample_n1_d2_005,sample,1,2,2,S0 H0,0.0,0.0,0.0,0.0,0.0
sample_n1_d2_006,sample,1,2,2,T0 S0,0.0,0.0,0.0,0.0,0.28768207245177946
sample_n1_d2_007,sample,1,2,2,T0 T0,0.0,0.0,0.0,0.0,0.0
sample_n1_d2_008,sample,1,2,2,H0 H0,0.6931471805599453,0.6931471805599453,0.6931471805599453,13.815510557964274,0.0
sample_n1_d2_009,sample,1,2,2,S0 T0,0.0,0.0,0.0,0.0,0.28768207245177946
sample_n1_d3_001,sample,1,3,3,S0 S0 H0,0.0,0.0,0.0,0.0,0.0
sample_n1_d3_002,sample,1,3,3,H0 S0 S0,0.0,0.0,0.0,0.0,0.0
sample_n1_d3_003,sample,1,3,3,H0 S0 H0,0.6931471805599453,0.6931471805599453,0.6931471805599453,0.3465735902799726,0.0
sample_n1_d3_004,sample,1,3,3,H0 S0 T0,0.0,0.0,0.0,0.0,0.2876820724517809
sample_n1_d3_005,sample,1,3,3,S0 T0 T0,0.0,0.0,0.0,0.0,0.0
sample_n1_d3_006,sample,1,3,3,H0 T0 T0,0.0,0.0,0.0,0.0,0.0
sample_n1_d3_007,sample,1,3,3,S0 S0 T0,0.0,0.0,0.0,0.0,0.28768207245177946
sample_n1_d3_008,sample,1,3,3,S0 S0 S0,0.0,0.0,0.0,0.0,0.0
sample_n1_d3_009,sample,1,3,3,T0 T0 S0,0.0,0.0,0.0,0.0,0.0
sample_n1_d3_010,sample,1,3,3,T0 H0 H0,0.6931471805599453,0.6931471805599453,0.6931471805599453,13.815510557964274,0.28768207245178123
sample_n1_d3_011,sample,1,3,3,T0 H0 T0,0.0,0.0,0.0,0.0,0.5753641449035615
sample_n1_d3_012,sample,1,3,3,S0 T0 H0,0.0,0.0,0.0,0.0,0.2876820724517809
sample_n1_d3_013,sample,1,3,3,H0 H0 T0,0.6931471805599453,0.6931471805599453,0.6931471805599453,13.815510557964274,0.28768207245178123
sample_n1_d3_014,sample,1,3,3,S0 T0 S0,0.0,0.0,0.0,0.0,0.28768207245177946
sample_n1_d3_015,sample,1,3,3,T0 S0 S0,0.0,0.0,0.0,0.0,0.28768207245177946
sample_n1_d3_016,sample,1,3,3,S0 H0 H0,0.6931471805599453,0.6931471805599453,0.6931471805599453,13.815510557964274,0.0
sample_n1_d3_017,sample,1,3,3,T0 S0 T0,0.0,0.0,0.0,0.0,0.0
sample_n1_d3_018,sample,1,3,3,T0 T0 H0,0.0,0.0,0.0,0.0,0.0
sample_n1_d3_019,sample,1,3,3,S0 H0 T0,0.0,0.0,0.0,0.0,0.2876820724517809
sample_n1_d3_020,sample,1,3,3,H0 T0 H0,0.6931471805599453,0.6931471805599453,0.6931471805599453,0.519860385419959,0.28768207245178035
sample_n1_d3_021,sample,1,3,3,H0 T0 S0,0.0,0.0,0.0,0.0,0.2876820724517809
sample_n1_d3_022,sample,1,3,3,T0 S0 H0,0.0,0.0,0.0,0.0,0.2876820724517809
sample_n1_d3_023,sample,1,3,3,S0 H0 S0,0.0,0.0,0.0,0.0,0.0
sample_n1_d3_024,sample,1,3,3,T0 T0 T0,0.0,0.0,0.0,0.0,0.2876820724517809
sample_n1_d3_025,sample,1,3,3,H0 H0 S0,0.6931471805599453,0.6931471805599453,0.6931471805599453,13.815510557964274,0.0
sample_n1_d3_026,sample,1,3,3,T0 H0 S0,0.0,0.0,0.0,0.0,0.2876820724517809
sample_n1_d3_027,sample,1,3,3,H0 H0 H0,1.3862943611198906,1.3862943611198906,1.3862943611198906,0.6931471805599453,0.0
sample_n1_d4_001,sample,1,4,4,H0 S0 H0 S0,0.6931471805599453,0.6931471805599453,0.6931471805599453,0.3465735902799726,0.0
sample_n1_d4_002,sample,1,4,4,H0 T0 T0 S0,0.0,0.0,0.0,0.0,0.0
sample_n1_d4_003,sample,1,4,4,T0 S0 H0 S0,0.0,0.0,0.0,0.0,0.2876820724517809
sample_n1_d4_004,sample,1,4,4,S0 T0 T0 S0,0.0,0.0,0.0,0.0,0.0
sample_n1_d4_005,sample,1,4,4,H0 S0 T0 T0,0.0,0.0,0.0,0.0,0.0
sample_n1_d4_006,sample,1,4,4,H0 H0 T0 H0,1.3862943611198908,1.3862943611198908,1.3862943611198908,0.6931471805599455,0.28768207245178
sample_n1_d4_007,sample,1,4,4,H0 T0 S0 H0,0.6931471805599453,0.6931471805599453,0.6931471805599453,0.519860385419959,0.28768207245178035
sample_n1_d4_008,sample,1,4,4,T0 H0 T0 T0,0.0,0.0,0.0,0.0,0.28768207245178
sample_n1_d4_009,sample,1,4,4,T0 H0 H0 T0,0.6931471805599453,0.6931471805599453,0.6931471805599453,13.815510557964274,0.0
sample_n1_d4_010,sample,1,4,4,T0 H0 S0 T0,0.0,0.0,0.0,0.0,0.5753641449035615
sample_n1_d4_011,sample,1,4,4,H0 T0 T0 T0,0.0,0.0,0.0,0.0,0.2876820724517815
sample_n1_d4_012,sample,1,4,4,H0 H0 T0 S0,0.6931471805599453,0.6931471805599453,0.6931471805599453,13.815510557964274,0.28768207245178123
sample_n1_d4_013,sample,1,4,4,T0 S0 S0 H0,0.0,0.0,0.0,0.0,0.2876820724517809
sample_n1_d4_014,sample,1,4,4,H0 S0 S0 T0,0.0,0.0,0.0,0.0,0.2876820724517809
sample_n1_d4_015,sample,1,4,4,T0 H0 H0 S0,0.6931471805599453,0.6931471805599453,0.6931471805599453,13.815510557964274,0.28768207245178123
sample_n1_d4_016,sample,1,4,4,S0 H0 H0 H0,1.3862943611198906,1.3862943611198906,1.3862943611198906,0.6931471805599453,0.0
sample_n1_d4_017,sample,1,4,4,H0 H0 H0 H0,2.0794415416798357,2.0794415416798357,2.0794415416798357,14.508657738524219,0.0
sample_n1_d4_018,sample,1,4,4,H0 H0 H0 S0,1.3862943611198906,1.3862943611198906,1.3862943611198906,0.6931471805599453,0.0
sample_n1_d4_019,sample,1,4,4,H0 H0 S0 S0,0.6931471805599453,0.6931471805599453,0.6931471805599453,13.815510557964274,0.0
sample_n1_d4_020,sample,1,4,4,S0 S0 H0 T0,0.0,0.0,0.0,0.0,0.2876820724517809
sample_n1_d4_021,sample,1,4,4,H0 H0 T0 T0,0.6931471805599453,0.6931471805599453,0.6931471805599453,13.815510557964274,0.0
sample_n1_d4_022,sample,1,4,4,H0 T0 H0 S0,0.6931471805599453,0.6931471805599453,0.6931471805599453,0.519860385419959,0.28768207245178035
sample_n1_d4_023,sample,1,4,4,S0 S0 S0 H0,0.0,0.0,0.0,0.0,0.0
sample_n1_d4_024,sample,1,4,4,T0 S0 T0 H0,0.0,0.0,0.0,0.0,0.0
sample_n1_d4_025,sample,1,4,4,H0 T0 S0 S0,0.0,0.0,0.0,0.0,0.2876820724517809
sample_n1_d4_026,sample,1,4,4,S0 T0 S0 S0,0.0,0.0,0.0,0.0,0.28768207245177946
sample_n1_d4_027,sample,1,4,4,S0 S0 H0 H0,0.6931471805599453,0.6931471805599453,0.6931471805599453,13.815510557964274,0.0
sample_n1_d4_028,sample,1,4,4,T0 H0 S0 H0,0.6931471805599453,0.6931471805599453,0.6931471805599453,0.34657359027997264,0.28768207245178123
sample_n1_d4_029,sample,1,4,4,T0 T0 S0 H0,0.0,0.0,0.0,0.0,0.0
sample_n1_d4_030,sample,1,4,4,S0 H0 T0 T0,0.0,0.0,0.0,0.0,0.0
sample_n1_d5_001,sample,1,5,5,S0 H0 H0 T0 T0,0.6931471805599453,0.6931471805599453,0.6931471805599453,13.815510557964274,0.0
sample_n1_d5_002,sample,1,5,5,H0 H0 S0 S0 S0,0.6931471805599453,0.6931471805599453,0.6931471805599453,13.815510557964274,0.0
sample_n1_d5_003,sample,1,5,5,S0 H0 T0 H0 S0,0.6931471805599453,0.6931471805599453,0.6931471805599453,0.519860385419959,0.28768207245178035
sample_n1_d5_004,sample,1,5,5,T0 H0 H0 H0 T0,1.3862943611198906,1.3862943611198906,1.3862943611198906,0.6931471805599454,0.5753641449035625
sample_n1_d5_005,sample,1,5,5,H0 T0 H0 H0 T0,1.3862943611198908,1.3862943611198908,1.3862943611198908,0.6931471805599453,0.0
sample_n1_d5_006,sample,1,5,5,T0 S0 S0 S0 T0,0.0,0.0,0.0,0.0,0.0
sample_n1_d5_007,sample,1,5,5,H0 T0 H0 H0 H0,2.0794415416798357,2.0794415416798357,2.0794415416798357,1.2130075659799044,0.28768207245178035
sample_n1_d5_008,sample,1,5,5,S0 T0 S0 S0 T0,0.0,0.0,0.0,0.0,0.0
sample_n1_d5_009,sample,1,5,5,S0 S0 T0 S0 H0,0.0,0.0,0.0,0.0,0.2876820724517809
sample_n1_d5_010,sample,1,5,5,H0 H0 H0 H0 S0,2.0794415416798357,2.0794415416798357,2.0794415416798357,14.508657738524219,0.0
sample_n1_d5_011,sample,1,5,5,S0 T0 S0 H0 T0,0.0,0.0,0.0,0.0,0.5753641449035615
sample_n1_d5_012,sample,1,5,5,T0 S0 H0 T0 H0,0.6931471805599453,0.6931471805599453,0.6931471805599453,0.519860385419959,0.575364144903561
sample_n1_d5_013,sample,1,5,5,H0 S0 S0 T0 T0,0.0,0.0,0.0,0.0,0.0
sample_n1_d5_014,sample,1,5,5,T0 T0 T0 H0 T0,0.0,0.0,0.0,0.0,0.5753641449035618
sample_n1_d5_015,sample,1,5,5,S0 S0 T0 S0 S0,0.0,0.0,0.0,0.0,0.28768207245177946
sample_n1_d5_016,sample,1,5,5,H0 H0 H0 H0 T0,2.0794415416798357,2.0794415416798357,2.0794415416798357,14.508657738524219,0.2876820724517809
sample_n1_d5_017,sample,1,5,5,H0 T0 S0 S0 H0,0.6931471805599453,0.6931471805599453,0.6931471805599453,0.519860385419959,0.28768207245178035
sample_n1_d5_018,sample,1,5,5,T0 T0 T0 T0 H0,0.0,0.0,0.0,0.0,0.0
sample_n1_d5_019,sample,1,5,5,S0 S0 S0 T0 T0,0.0,0.0,0.0,0.0,0.0
sample_n1_d5_020,sample,1,5,5,S0 T0 T0 H0 H0,0.6931471805599453,0.6931471805599453,0.6931471805599453,13.815510557964274,0.0
sample_n1_d5_021,sample,1,5,5,S0 T0 T0 T0 S0,0.0,0.0,0.0,0.0,0.2876820724517809
sample_n1_d5_022,sample,1,5,5,H0 T0 S0 H0 S0,0.6931471805599453,0.6931471805599453,0.6931471805599453,0.519860385419959,0.28768207245178035
sample_n1_d5_023,sample,1,5,5,T0 T0 H0 H0 S0,0.6931471805599453,0.6931471805599453,0.6931471805599453,13.815510557964274,0.0
sample_n1_d5_024,sample,1,5,5,T0 T0 S0 S0 S0,0.0,0.0,0.0,0.0,0.0
sample_n1_d5_025,sample,1,5,5,H0 H0 S0 H0 S0,1.3862943611198906,1.3862943611198906,1.3862943611198906,0.6931471805599453,0.0
sample_n1_d5_026,sample,1,5,5,H0 S0 H0 S0 S0,0.6931471805599453,0.6931471805599453,0.6931471805599453,0.3465735902799726,0.0
sample_n1_d5_027,sample,1,5,5,H0 H0 S0 S0 T0,0.6931471805599453,0.6931471805599453,0.6931471805599453,13.815510557964274,0.28768207245178123
sample_n1_d5_028,sample,1,5,5,H0 S0 H0 S0 H0,1.3862943611198906,1.3862943611198906,1.3862943611198906,14.162084148244247,0.0
sample_n1_d5_029,sample,1,5,5,S0 H0 H0 T0 S0,0.6931471805599453,0.6931471805599453,0.6931471805599453,13.815510557964274,0.28768207245178123
sample_n1_d5_030,sample,1,5,5,S0 T0 H0 H0 S0,0.6931471805599453,0.6931471805599453,0.6931471805599453,13.815510557964274,0.28768207245178123
sample_n1_d6_001,sample,1,6,6,T0 S0 S0 H0 S0 S0,0.0,0.0,0.0,0.0,0.2876820724517809
sample_n1_d6_002,sample,1,6,6,T0 T0 T0 T0 S0 H0,0.0,0.0,0.0,0.0,0.0
sample_n1_d6_003,sample,1,6,6,S0 T0 T0 T0 S0 H0,0.0,0.0,0.0,0.0,0.28768207245178
sample_n1_d6_004,sample,1,6,6,H0 T0 H0 H0 T0 S0,1.3862943611198908,1.3862943611198908,1.3862943611198908,0.6931471805599453,0.0
sample_n1_d6_005,sample,1,6,6,H0 H0 T0 S0 S0 H0,1.3862943611198908,1.3862943611198908,1.3862943611198908,0.6931471805599455,0.28768207245178
sample_n1_d6_006,sample,1,6,6,H0 H0 H0 H0 T0 S0,2.0794415416798357,2.0794415416798357,2.0794415416798357,14.508657738524219,0.2876820724517809
sample_n1_d6_007,sample,1,6,6,S0 S0 H0 T0 S0 T0,0.0,0.0,0.0,0.0,0.0
sample_n1_d6_008,sample,1,6,6,S0 S0 S0 T0 T0 S0,0.0,0.0,0.0,0.0,0.0
sample_n1_d6_009,sample,1,6,6,S0 S0 H0 H0 T0 S0,0.6931471805599453,0.6931471805599453,0.6931471805599453,13.815510557964274,0.28768207245178123
sample_n1_d6_010,sample,1,6,6,T0 S0 H0 H0 H0 H0,2.0794415416798357,2.0794415416798357,2.0794415416798357,14.508657738524219,0.2876820724517809
sample_n1_d6_011,sample,1,6,6,T0 T0 H0 T0 T0 S0,0.0,0.0,0.0,0.0,0.0
sample_n1_d6_012,sample,1,6,6,H0 T0 T0 T0 T0 T0,0.0,0.0,0.0,0.0,0.2876820724517815
sample_n1_d6_013,sample,1,6,6,S0 S0 H0 T0 T0 H0,0.6931471805599453,0.6931471805599453,0.6931471805599453,0.3465735902799727,0.0
sample_n1_d6_014,sample,1,6,6,H0 T0 H0 S0 S0 H0,1.3862943611198908,1.3862943611198908,1.3862943611198908,0.6931471805599453,0.2876820724517809
sample_n1_d6_015,sample,1,6,6,T0 T0 T0 S0 T0 H0,0.0,0.0,0.0,0.0,0.0
sample_n1_d6_016,sample,1,6,6,H0 S0 S0 S0 T0 H0,0.6931471805599453,0.6931471805599453,0.6931471805599453,0.519860385419959,0.28768207245178035
sample_n1_d6_017,sample,1,6,6,H0 S0 S0 T0 T0 T0,0.0,0.0,0.0,0.0,0.2876820724517815
sample_n1_d6_018,sample,1,6,6,T0 T0 H0 H0 H0 S0,1.3862943611198906,1.3862943611198906,1.3862943611198906,0.6931471805599453,0.0
sample_n1_d6_019,sample,1,6,6,T0 T0 T0 T0 H0 T0,0.0,0.0,0.0,0.0,0.28768207245178
sample_n1_d6_020,sample,1,6,6,T0 T0 S0 H0 T0 S0,0.0,0.0,0.0,0.0,0.28768207245178
sample_n1_d6_021,sample,1,6,6,S0 S0 S0 H0 T0 H0,0.6931471805599453,0.6931471805599453,0.6931471805599453,0.519860385419959,0.28768207245178035
sample_n1_d6_022,sample,1,6,6,T0 H0 T0 H0 H0 H0,2.0794415416798357,2.0794415416798357,2.0794415416798357,1.2130075659799042,0.5753641449035618
sample_n1_d6_023,sample,1,6,6,T0 S0 T0 H0 T0 S0,0.0,0.0,0.0,0.0,0.28768207245178
sample_n1_d6_024,sample,1,6,6,H0 S0 H0 H0 S0 S0,1.3862943611198906,1.3862943611198906,1.3862943611198906,0.6931471805599453,0.0
sample_n1_d6_025,sample,1,6,6,H0 T0 T0 H0 S0 T0,0.6931471805599453,0.6931471805599453,0.6931471805599453,0.3465735902799727,0.2876820724517809
sample_n1_d6_026,sample,1,6,6,H0 H0 T0 S0 T0 H0,1.3862943611198908,1.3862943611198908,1.3862943611198908,0.6931471805599453,0.0
sample_n1_d6_027,sample,1,6,6,S0 H0 S0 H0 H0 H0,2.0794415416798357,2.0794415416798357,2.0794415416798357,1.039720770839918,0.0
sample_n1_d6_028,sample,1,6,6,S0 T0 H0 S0 H0 T0,0.6931471805599453,0.6931471805599453,0.6931471805599453,0.34657359027997264,0.5753641449035618
sample_n1_d6_029,sample,1,6,6,T0 T0 H0 H0 T0 T0,0.6931471805599453,0.6931471805599453,0.6931471805599453,13.815510557964274,0.0
sample_n1_d6_030,sample,1,6,6,T0 S0 S0 T0 H0 H0,0.6931471805599453,0.6931471805599453,0.6931471805599453,13.815510557964274,0.0
sample_n1_d7_001,sample,1,7,7,T0 T0 S0 T0 T0 H0 T0,0.0,0.0,0.0,0.0,0.28768207245177974
sample_n1_d7_002,sample,1,7,7,H0 H0 H0 T0 S0 H0 S0,2.0794415416798357,2.0794415416798357,2.0794415416798357,1.2130075659799044,0.2876820724517809
sample_n1_d7_003,sample,1,7,7,T0 S0 S0 H0 H0 H0 S0,1.3862943611198906,1.3862943611198906,1.3862943611198906,0.6931471805599454,0.28768207245178
sample_n1_d7_004,sample,1,7,7,S0 H0 H0 S0 H0 S0 H0,2.0794415416798357,2.0794415416798357,2.0794415416798357,1.039720770839918,0.0
sample_n1_d7_005,sample,1,7,7,H0 T0 H0 H0 T0 T0 S0,1.3862943611198908,1.3862943611198908,1.3862943611198908,0.6931471805599452,0.2876820724517809
sample_n1_d7_006,sample,1,7,7,T0 S0 H0 H0 H0 S0 T0,1.3862943611198906,1.3862943611198906,1.3862943611198906,0.6931471805599454,0.5753641449035625
sample_n1_d7_007,sample,1,7,7,T0 T0 S0 T0 S0 S0 T0,0.0,0.0,0.0,0.0,0.0
sample_n1_d7_008,sample,1,7,7,S0 S0 T0 T0 S0 H0 S0,0.0,0.0,0.0,0.0,0.0
sample_n1_d7_009,sample,1,7,7,S0 T0 H0 H0 S0 S0 T0,0.6931471805599453,0.6931471805599453,0.6931471805599453,13.815510557964274,0.0
sample_n1_d7_010,sample,1,7,7,T0 T0 T0 H0 S0 T0 H0,0.6931471805599453,0.6931471805599453,0.6931471805599453,0.519860385419959,0.5753641449035618
sample_n1_d7_011,sample,1,7,7,H0 H0 T0 S0 S0 S0 T0,0.6931471805599453,0.6931471805599453,0.6931471805599453,13.815510557964274,0.0
sample_n1_d7_012,sample,1,7,7,T0 H0 T0 T0 S0 T0 S0,0.0,0.0,0.0,0.0,0.5753641449035618
sample_n1_d7_013,sample,1,7,7,S0 S0 S0 T0 T0 T0 H0,0.0,0.0,0.0,0.0,0.28768207245178
sample_n1_d7_014,sample,1,7,7,H0 T0 H0 S0 H0 T0 T0,1.3862943611198908,1.3862943611198908,1.3862943611198908,0.8664339756999316,0.2876820724517817
sample_n1_d7_015,sample,1,7,7,T0 S0 H0 H0 S0 S0 H0,1.3862943611198906,1.3862943611198906,1.3862943611198906,0.6931471805599454,0.28768207245178
sample_n1_d7_016,sample,1,7,7,S0 H0 T0 H0 T0 H0 H0,2.079441541679836,2.079441541679836,2.079441541679836,1.2130075659799042,0.5753641449035615
sample_n1_d7_017,sample,1,7,7,H0 S0 S0 T0 S0 T0 H0,0.6931471805599453,0.6931471805599453,0.6931471805599453,13.815510557964274,0.0
sample_n1_d7_018,sample,1,7,7,T0 H0 T0 T0 H0 S0 H0,1.3862943611198908,1.3862943611198908,1.3862943611198908,14.162084148244247,0.28768207245178123
sample_n1_d7_019,sample,1,7,7,H0 T0 H0 H0 H0 S0 H0,2.772588722239781,2.772588722239781,2.772588722239781,1.559581156259877,0.2876820724517809
sample_n1_d7_020,sample,1,7,7,H0 H0 S0 T0 T0 T0 T0,0.6931471805599453,0.6931471805599453,0.6931471805599453,13.815510557964274,0.0
sample_n1_d7_021,sample,1,7,7,T0 S0 H0 H0 H0 T0 T0,1.3862943611198906,1.3862943611198906,1.3862943611198906,0.6931471805599453,0.2876820724517809
sample_n1_d7_022,sample,1,7,7,S0 S0 T0 H0 H0 T0 H0,1.3862943611198908,1.3862943611198908,1.3862943611198908,0.6931471805599454,0.0
sample_n1_d7_023,sample,1,7,7,H0 H0 H0 H0 S0 T0 S0,2.0794415416798357,2.0794415416798357,2.0794415416798357,14.508657738524219,0.2876820724517809
sample_n1_d7_024,sample,1,7,7,S0 H0 H0 H0 H0 S0 T0,2.0794415416798357,2.0794415416798357,2.0794415416798357,14.508657738524219,0.2876820724517809
sample_n1_d7_025,sample,1,7,7,S0 H0 S0 T0 S0 T0 H0,0.6931471805599453,0.6931471805599453,0.6931471805599453,0.3465735902799727,0.0
sample_n1_d7_026,sample,1,7,7,H0 S0 T0 S0 H0 H0 T0,1.3862943611198908,1.3862943611198908,1.3862943611198908,0.6931471805599453,0.0
sample_n1_d7_027,sample,1,7,7,T0 H0 T0 S0 H0 S0 H0,1.3862943611198908,1.3862943611198908,1.3862943611198908,0.8664339756999316,0.575364144903561
sample_n1_d7_028,sample,1,7,7,T0 T0 S0 T0 S0 H0 T0,0.0,0.0,0.0,0.0,0.5753641449035618
sample_n1_d7_029,sample,1,7,7,S0 S0 T0 H0 H0 S0 S0,0.6931471805599453,0.6931471805599453,0.6931471805599453,13.815510557964274,0.28768207245178123
sample_n1_d7_030,sample,1,7,7,H0 H0 T0 H0 H0 S0 H0,2.772588722239781,2.772588722239781,2.772588722239781,1.3862943611198906,0.2876820724517809
sample_n1_d8_001,sample,1,8,8,T0 S0 S0 T0 H0 H0 S0 S0,0.6931471805599453,0.6931471805599453,0.6931471805599453,13.815510557964274,0.0
sample_n1_d8_002,sample,1,8,8,H0 S0 T0 T0 T0 H0 S0 T0,0.6931471805599452,0.6931471805599452,0.6931471805599453,0.519860385419959,0.5753641449035622
sample_n1_d8_003,sample,1,8,8,S0 S0 T0 S0 S0 H0 S0 T0,0.0,0.0,0.0,0.0,0.5753641449035615
sample_n1_d8_004,sample,1,8,8,H0 S0 H0 T0 H0 H0 H0 S0,2.772588722239781,2.772588722239781,2.772588722239781,1.559581156259877,0.28768207245177974
sample_n1_d8_005,sample,1,8,8,T0 T0 H0 S0 H0 T0 S0 T0,0.6931471805599453,0.6931471805599453,0.6931471805599453,0.3465735902799726,0.0
sample_n1_d8_006,sample,1,8,8,S0 S0 H0 H0 S0 S0 S0 H0,1.3862943611198906,1.3862943611198906,1.3862943611198906,0.6931471805599453,0.0
sample_n1_d8_007,sample,1,8,8,S0 S0 T0 S0 H0 S0 T0 S0,0.0,0.0,0.0,0.0,0.5753641449035615
sample_n1_d8_008,sample,1,8,8,H0 T0 S0 T0 H0 T0 S0 H0,1.3862943611198906,1.3862943611198906,1.3862943611198906,0.6931471805599453,0.2876820724517809
sample_n1_d8_009,sample,1,8,8,H0 S0 H0 S0 T0 H0 H0 T0,2.0794415416798357,2.0794415416798357,2.0794415416798357,1.039720770839918,0.0
sample_n1_d8_010,sample,1,8,8,S0 H0 T0 T0 S0 T0 H0 H0,1.3862943611198904,1.3862943611198904,1.3862943611198904,0.6931471805599454,0.2876820724517809
sample_n1_d8_011,sample,1,8,8,T0 T0 S0 S0 T0 T0 H0 S0,0.0,0.0,0.0,0.0,0.0
sample_n1_d8_012,sample,1,8,8,T0 S0 H0 T0 T0 H0 S0 T0,0.6931471805599453,0.6931471805599453,0.6931471805599453,0.3465735902799727,0.5753641449035618
sample_n1_d8_013,sample,1,8,8,S0 H0 T0 T0 T0 S0 T0 S0,0.0,0.0,0.0,0.0,0.0
sample_n1_d8_014,sample,1,8,8,S0 T0 H0 S0 S0 S0 S0 H0,0.6931471805599453,0.6931471805599453,0.6931471805599453,13.815510557964274,0.28768207245178123
sample_n1_d8_015,sample,1,8,8,H0 S0 T0 H0 H0 S0 S0 T0,1.3862943611198908,1.3862943611198908,1.3862943611198908,0.6931471805599453,0.0
sample_n1_d8_016,sample,1,8,8,S0 H0 H0 S0 T0 S0 T0 S0,0.6931471805599453,0.6931471805599453,0.6931471805599453,13.815510557964274,0.0
sample_n1_d8_017,sample,1,8,8,T0 T0 T0 T0 H0 S0 H0 T0,0.6931471805599453,0.6931471805599453,0.6931471805599453,0.34657359027997264,0.2876820724517809
sample_n1_d8_018,sample,1,8,8,S0 H0 H0 S0 T0 H0 T0 S0,1.3862943611198908,1.3862943611198908,1.3862943611198908,0.6931471805599454,0.5753641449035607
sample_n1_d8_019,sample,1,8,8,S0 H0 T0 S0 S0 S0 S0 S0,0.0,0.0,0.0,0.0,0.2876820724517809
sample_n1_d8_020,sample,1,8,8,S0 S0 S0 S0 S0 S0 S0 H0,0.0,0.0,0.0,0.0,0.0
sample_n1_d8_021,sample,1,8,8,H0 H0 H0 T0 S0 H0 H0 H0,3.4657359027997265,3.4657359027997265,3.4657359027997265,1.9061547465398494,0.28768207245178
sample_n1_d8_022,sample,1,8,8,S0 S0 S0 S0 S0 T0 T0 T0,0.0,0.0,0.0,0.0,0.2876820724517809
sample_n1_d8_023,sample,1,8,8,H0 S0 H0 H0 S0 H0 T0 S0,2.0794415416798357,2.0794415416798357,2.0794415416798357,14.508657738524219,0.2876820724517809
sample_n1_d8_024,sample,1,8,8,S0 H0 H0 H0 T0 S0 T0 S0,1.3862943611198906,1.3862943611198906,1.3862943611198906,0.6931471805599453,0.0
sample_n1_d8_025,sample,1,8,8,H0 T0 S0 H0 T0 T0 H0 S0,1.3862943611198906,1.3862943611198906,1.3862943611198906,0.8664339756999315,0.28768207245178035
sample_n1_d8_026,sample,1,8,8,H0 T0 S0 T0 T0 H0 S0 S0,0.6931471805599451,0.6931471805599451,0.6931471805599451,0.519860385419959,0.28768207245178035
sample_n1_d8_027,sample,1,8,8,H0 H0 T0 T0 H0 T0 T0 H0,2.0794415416798357,2.0794415416798357,2.0794415416798357,1.039720770839918,0.0
sample_n1_d8_028,sample,1,8,8,H0 T0 S0 S0 H0 S0 S0 S0,0.6931471805599453,0.6931471805599453,0.6931471805599453,0.519860385419959,0.28768207245178035
sample_n1_d8_029,sample,1,8,8,S0 T0 H0 S0 H0 S0 S0 S0,0.6931471805599453,0.6931471805599453,0.6931471805599453,0.34657359027997264,0.28768207245178123
sample_n1_d8_030,sample,1,8,8,H0 T0 S0 T0 S0 T0 H0 S0,0.6931471805599451,0.6931471805599451,0.6931471805599451,0.519860385419959,0.2876820724517809
sample_n1_d9_001,sample,1,9,9,T0 S0 T0 S0 S0 H0 T0 H0 S0,0.6931471805599453,0.6931471805599453,0.6931471805599453,0.5198603854199589,0.28768207245178035
sample_n1_d9_002,sample,1,9,9,T0 T0 T0 H0 H0 S0 T0 S0 T0,0.6931471805599453,0.6931471805599453,0.6931471805599453,13.815510557964274,0.2876820724517809
sample_n1_d9_003,sample,1,9,9,T0 H0 T0 S0 H0 H0 S0 S0 H0,2.0794415416798357,2.0794415416798357,2.0794415416798357,1.2130075659799042,0.5753641449035618
sample_n1_d9_004,sample,1,9,9,S0 T0 T0 H0 H0 T0 H0 S0 H0,2.0794415416798357,2.0794415416798357,2.0794415416798357,1.039720770839918,0.28768207245177946
sample_n1_d9_005,sample,1,9,9,S0 S0 T0 T0 T0 H0 T0 S0 T0,0.0,0.0,0.0,0.0,0.2876820724517809
sample_n1_d9_006,sample,1,9,9,T0 T0 H0 T0 H0 T0 H0 T0 S0,1.3862943611198906,1.3862943611198906,1.386294361119891,0.7650676986728906,0.4453110166553637
sample_n1_d9_007,sample,1,9,9,H0 S0 H0 T0 T0 H0 S0 T0 T0,1.3862943611198908,1.3862943611198908,1.3862943611198908,14.162084148244247,0.0
sample_n1_d9_008,sample,1,9,9,H0 H0 H0 S0 H0 H0 H0 T0 S0,3.4657359027997265,3.4657359027997265,3.4657359027997265,1.7328679513998633,0.28768207245177946
sample_n1_d9_009,sample,1,9,9,H0 T0 T0 S0 H0 S0 S0 T0 T0,0.6931471805599453,0.6931471805599453,0.6931471805599453,13.815510557964274,0.0
sample_n1_d9_010,sample,1,9,9,S0 T0 H0 T0 T0 H0 H0 S0 H0,2.0794415416798357,2.0794415416798357,2.0794415416798357,14.508657738524219,0.28768207245178
sample_n1_d9_011,sample,1,9,9,T0 T0 S0 H0 H0 T0 S0 T0 H0,1.3862943611198908,1.3862943611198908,1.3862943611198908,0.6931471805599453,0.0
sample_n1_d9_012,sample,1,9,9,H0 H0 H0 S0 S0 T0 T0 S0 T0,1.3862943611198906,1.3862943611198906,1.3862943611198906,0.6931471805599453,0.2876820724517809
sample_n1_d9_013,sample,1,9,9,T0 H0 T0 S0 H0 T0 S0 S0 S0,0.6931471805599453,0.6931471805599453,0.6931471805599453,0.5198603854199589,0.4453110166553634
sample_n1_d9_014,sample,1,9,9,H0 H0 H0 H0 T0 H0 T0 S0 T0,2.772588722239781,2.772588722239781,2.772588722239781,1.3862943611198908,0.2876820724517806
sample_n1_d9_015,sample,1,9,9,H0 S0 S0 H0 S0 S0 S0 S0 H0,1.3862943611198906,1.3862943611198906,1.3862943611198906,0.6931471805599453,0.0
sample_n1_d9_016,sample,1,9,9,S0 S0 T0 H0 H0 T0 H0 T0 H0,2.079441541679836,2.079441541679836,2.079441541679836,1.2130075659799042,0.2876820724517809
sample_n1_d9_017,sample,1,9,9,T0 T0 H0 T0 S0 H0 S0 H0 H0,2.0794415416798357,2.0794415416798357,2.0794415416798357,1.2130075659799044,0.28768207245178
sample_n1_d9_018,sample,1,9,9,H0 H0 S0 T0 H0 T0 T0 S0 T0,1.3862943611198908,1.3862943611198908,1.3862943611198908,0.6931471805599455,0.5753641449035618
sample_n1_d9_019,sample,1,9,9,S0 S0 H0 H0 T0 S0 H0 H0 H0,2.772588722239781,2.772588722239781,2.772588722239781,1.3862943611198906,0.2876820724517809
sample_n1_d9_020,sample,1,9,9,H0 S0 S0 H0 T0 S0 H0 S0 H0,2.0794415416798357,2.0794415416798357,2.0794415416798357,1.039720770839918,0.2876820724517809
sample_n1_d9_021,sample,1,9,9,H0 H0 H0 S0 S0 H0 T0 H0 T0,2.772588722239781,2.772588722239781,2.772588722239781,1.3862943611198906,0.5753641449035618
sample_n1_d9_022,sample,1,9,9,H0 H0 H0 T0 T0 T0 S0 H0 T0,2.0794415416798357,2.0794415416798357,2.0794415416798357,1.2130075659799044,0.5753641449035617
sample_n1_d9_023,sample,1,9,9,H0 T0 T0 H0 S0 T0 H0 T0 S0,1.3862943611198906,1.3862943611198906,1.3862943611198906,0.8664339756999314,0.5753641449035615
sample_n1_d9_024,sample,1,9,9,T0 T0 T0 T0 S0 T0 T0 H0 T0,0.0,0.0,0.0,0.0,0.28768207245178
sample_n1_d9_025,sample,1,9,9,S0 H0 S0 T0 H0 H0 S0 S0 T0,1.3862943611198908,1.3862943611198908,1.3862943611198908,0.6931471805599453,0.0
sample_n1_d9_026,sample,1,9,9,H0 S0 S0 S0 H0 H0 T0 S0 H0,2.0794415416798357,2.0794415416798357,2.0794415416798357,1.2130075659799042,0.2876820724517809
sample_n1_d9_027,sample,1,9,9,H0 H0 S0 S0 S0 H0 H0 S0 T0,2.0794415416798357,2.0794415416798357,2.0794415416798357,14.508657738524219,0.2876820724517809
sample_n1_d9_028,sample,1,9,9,S0 S0 S0 H0 T0 S0 T0 S0 S0,0.0,0.0,0.0,0.0,0.0
sample_n1_d9_029,sample,1,9,9,S0 T0 S0 H0 H0 H0 T0 H0 H0,2.772588722239781,2.772588722239781,2.772588722239781,1.3862943611198906,0.5753641449035618
sample_n1_d9_030,sample,1,9,9,T0 T0 S0 H0 H0 T0 H0 S0 H0,2.0794415416798357,2.0794415416798357,2.0794415416798357,1.039720770839918,0.28768207245177946
sample_n1_d10_001,sample,1,10,10,S0 S0 S0 T0 H0 S0 S0 H0 S0 S0,0.6931471805599453,0.6931471805599453,0.6931471805599453,13.815510557964274,0.28768207245178123
sample_n1_d10_002,sample,1,10,10,H0 T0 S0 H0 H0 T0 H0 T0 H0 H0,3.4657359027997265,3.4657359027997265,3.4657359027997265,15.201804919084164,0.2876820724517809
sample_n1_d10_003,sample,1,10,10,T0 H0 H0 S0 S0 T0 T0 S0 S0 S0,0.6931471805599453,0.6931471805599453,0.6931471805599453,13.815510557964274,0.2876820724517809
sample_n1_d10_004,sample,1,10,10,T0 T0 H0 S0 T0 T0 H0 S0 S0 S0,0.6931471805599453,0.6931471805599453,0.6931471805599453,13.815510557964274,0.0
sample_n1_d10_005,sample,1,10,10,T0 H0 H0 T0 T0 H0 T0 S0 H0 T0,2.0794415416798357,2.0794415416798357,2.0794415416798357,1.2130075659799042,0.4453110166553642
sample_n1_d10_006,sample,1,10,10,H0 S0 S0 H0 T0 T0 T0 H0 H0 H0,2.772588722239781,2.772588722239781,2.772588722239781,1.3862943611198908,0.28768207245178
sample_n1_d10_007,sample,1,10,10,S0 H0 H0 T0 H0 T0 S0 T0 H0 T0,2.0794415416798357,2.0794415416798357,2.0794415416798357,14.508657738524219,0.0
sample_n1_d10_008,sample,1,10,10,T0 S0 S0 T0 S0 S0 H0 H0 S0 H0,1.3862943611198906,1.3862943611198906,1.3862943611198906,0.6931471805599453,0.0
sample_n1_d10_009,sample,1,10,10,S0 H0 H0 H0 S0 H0 H0 T0 T0 S0,2.772588722239781,2.772588722239781,2.772588722239781,1.3862943611198906,0.0
sample_n1_d10_010,sample,1,10,10,T0 T0 H0 T0 S0 T0 T0 S0 S0 S0,0.0,0.0,0.0,0.0,0.2876820724517809
sample_n1_d10_011,sample,1,10,10,S0 T0 T0 S0 T0 T0 T0 S0 S0 T0,0.0,0.0,0.0,0.0,0.0
sample_n1_d10_012,sample,1,10,10,T0 S0 T0 S0 T0 H0 T0 H0 S0 S0,0.6931471805599453,0.6931471805599453,0.6931471805599453,0.519860385419959,0.5753641449035618
sample_n1_d10_013,sample,1,10,10,S0 T0 H0 H0 H0 T0 H0 S0 H0 S0,2.772588722239781,2.772588722239781,2.772588722239781,1.559581156259877,0.5753641449035607
sample_n1_d10_014,sample,1,10,10,T0 S0 H0 H0 S0 T0 S0 H0 T0 S0,1.3862943611198906,1.3862943611198908,1.3862943611198908,0.6931471805599453,0.2876820724517809
sample_n1_d10_015,sample,1,10,10,T0 T0 S0 H0 S0 S0 H0 T0 S0 T0,0.6931471805599453,0.6931471805599453,0.6931471805599453,13.815510557964274,0.0
sample_n1_d10_016,sample,1,10,10,T0 T0 T0 H0 T0 S0 T0 H0 S0 H0,1.3862943611198908,1.3862943611198908,1.3862943611198908,0.6931471805599452,0.2876820724517809
sample_n1_d10_017,sample,1,10,10,T0 T0 H0 T0 S0 H0 T0 S0 H0 T0,1.3862943611198906,1.3862943611198906,1.386294361119891,0.7650676986728906,0.4453110166553637
sample_n1_d10_018,sample,1,10,10,T0 H0 S0 S0 S0 S0 H0 S0 H0 S0,1.3862943611198906,1.3862943611198906,1.3862943611198906,0.6931471805599454,0.28768207245178
sample_n1_d10_019,sample,1,10,10,T0 S0 S0 T0 T0 S0 S0 T0 T0 S0,0.0,0.0,0.0,0.0,0.2876820724517809
sample_n1_d10_020,sample,1,10,10,S0 S0 S0 S0 T0 T0 S0 H0 S0 S0,0.0,0.0,0.0,0.0,0.0
sample_n1_d10_021,sample,1,10,10,H0 T0 T0 H0 S0 S0 H0 T0 S0 S0,1.3862943611198908,1.3862943611198908,1.3862943611198908,0.6931471805599454,0.2876820724517809
sample_n1_d10_022,sample,1,10,10,S0 H0 S0 T0 H0 H0 H0 H0 S0 H0,3.4657359027997265,3.4657359027997265,3.4657359027997265,1.9061547465398494,0.2876820724517809
sample_n1_d10_023,sample,1,10,10,S0 T0 T0 T0 H0 H0 S0 H0 S0 S0,1.3862943611198906,1.3862943611198906,1.3862943611198906,0.6931471805599453,0.2876820724517809
sample_n1_d10_024,sample,1,10,10,S0 T0 S0 S0 T0 H0 T0 S0 S0 S0,0.0,0.0,0.0,0.0,0.28768207245178
sample_n1_d10_025,sample,1,10,10,S0 S0 S0 H0 H0 S0 T0 H0 T0 H0,2.079441541679836,2.079441541679836,2.079441541679836,1.2130075659799042,0.5753641449035618
sample_n1_d10_026,sample,1,10,10,T0 T0 T0 T0 T0 T0 H0 H0 H0 T0,1.3862943611198906,1.3862943611198906,1.3862943611198906,0.6931471805599453,0.2876820724517809
sample_n1_d10_027,sample,1,10,10,S0 S0 S0 S0 S0 T0 S0 T0 T0 T0,0.0,0.0,0.0,0.0,0.0
sample_n1_d10_028,sample,1,10,10,S0 H0 T0 S0 H0 T0 T0 H0 T0 H0,2.0794415416798357,2.0794415416798357,2.0794415416798357,1.1116412889528633,0.575364144903561
sample_n1_d10_029,sample,1,10,10,T0 H0 H0 H0 H0 H0 S0 T0 H0 H0,4.1588830833596715,4.1588830833596715,4.1588830833596715,2.0794415416798357,0.5753641449035615
sample_n1_d10_030,sample,1,10,10,S0 S0 S0 T0 S0 S0 T0 T0 S0 T0,0.0,0.0,0.0,0.0,0.0
sample_n1_d11_001,sample,1,11,11,T0 T0 T0 H0 T0 H0 H0 T0 T0 T0 S0,1.3862943611198906,1.3862943611198908,1.3862943611198908,0.6931471805599453,0.2876820724517806
sample_n1_d11_002,sample,1,11,11,H0 T0 S0 T0 S0 S0 H0 S0 T0 T0 S0,0.6931471805599453,0.6931471805599453,0.6931471805599453,13.815510557964274,0.0
sample_n1_d11_003,sample,1,11,11,S0 S0 H0 H0 T0 T0 S0 H0 T0 S0 H0,2.0794415416798357,2.0794415416798357,2.0794415416798357,1.2130075659799042,0.2876820724517806
sample_n1_d11_004,sample,1,11,11,S0 T0 T0 S0 T0 H0 H0 H0 T0 S0 H0,2.0794415416798357,2.0794415416798357,2.0794415416798357,1.2130075659799044,0.575364144903562
sample_n1_d11_005,sample,1,11,11,H0 H0 S0 H0 H0 T0 T0 H0 T0 H0 T0,3.4657359027997265,3.4657359027997265,3.4657359027997265,1.9061547465398494,0.5753641449035602
sample_n1_d11_006,sample,1,11,11,H0 S0 T0 H0 H0 S0 T0 T0 S0 S0 H0,2.0794415416798357,2.0794415416798357,2.0794415416798357,1.2130075659799044,0.28768207245178035
sample_n1_d11_007,sample,1,11,11,H0 T0 H0 H0 S0 T0 T0 S0 H0 T0 T0,2.0794415416798357,2.0794415416798357,2.0794415416798357,1.2130075659799044,0.2876820724517815
sample_n1_d11_008,sample,1,11,11,S0 H0 T0 H0 S0 H0 S0 H0 T0 T0 H0,2.772588722239781,2.772588722239781,2.772588722239781,1.5595811562598771,0.28768207245178035
sample_n1_d11_009,sample,1,11,11,S0 S0 S0 H0 T0 T0 T0 S0 S0 S0 T0,0.0,0.0,0.0,0.0,0.0
sample_n1_d11_010,sample,1,11,11,H0 H0 S0 H0 T0 T0 S0 T0 S0 T0 T0,1.3862943611198906,1.3862943611198906,1.3862943611198906,0.6931471805599453,0.2876820724517809
sample_n1_d11_011,sample,1,11,11,S0 H0 T0 H0 H0 T0 H0 H0 S0 S0 T0,2.772588722239781,2.772588722239781,2.772588722239781,1.3862943611198908,0.28768207245178035
sample_n1_d11_012,sample,1,11,11,S0 T0 H0 T0 H0 T0 H0 S0 S0 H0 H0,2.772588722239781,2.772588722239781,2.772588722239781,1.4582148792328358,0.4453110166553646
sample_n1_d11_013,sample,1,11,11,T0 T0 S0 T0 T0 S0 T0 H0 S0 S0 S0,0.0,0.0,0.0,0.0,0.28768207245178
sample_n1_d11_014,sample,1,11,11,S0 S0 S0 S0 H0 H0 T0 H0 H0 S0 H0,2.772588722239781,2.772588722239781,2.772588722239781,1.3862943611198906,0.2876820724517809
sample_n1_d11_015,sample,1,11,11,H0 S0 S0 S0 T0 S0 T0 S0 S0 H0 S0,0.6931471805599453,0.6931471805599453,0.6931471805599453,0.3465735902799727,0.0
sample_n1_d11_016,sample,1,11,11,H0 H0 H0 H0 S0 H0 H0 H0 H0 S0 S0,4.852030263919617,4.852030263919617,4.852030263919617,15.894952099644112,0.0
sample_n1_d11_017,sample,1,11,11,T0 S0 S0 T0 T0 S0 H0 S0 S0 S0 H0,0.6931471805599453,0.6931471805599453,0.6931471805599453,0.3465735902799727,0.2876820724517809
sample_n1_d11_018,sample,1,11,11,S0 H0 H0 S0 S0 T0 H0 S0 S0 S0 H0,2.0794415416798357,2.0794415416798357,2.0794415416798357,1.039720770839918,0.2876820724517809
sample_n1_d11_019,sample,1,11,11,S0 T0 H0 T0 H0 T0 T0 T0 H0 S0 H0,2.079441541679836,2.079441541679836,2.079441541679836,1.1116412889528633,0.44531101665536355
sample_n1_d11_020,sample,1,11,11,H0 H0 T0 S0 T0 T0 T0 H0 H0 H0 T0,2.772588722239781,2.772588722239781,2.772588722239781,1.3862943611198908,0.28768207245177946
sample_n1_d11_021,sample,1,11,11,S0 T0 S0 S0 H0 T0 T0 T0 T0 H0 S0,0.6931471805599452,0.6931471805599452,0.6931471805599453,13.815510557964274,0.2876820724517809
sample_n1_d11_022,sample,1,11,11,S0 T0 H0 T0 H0 H0 H0 T0 S0 S0 S0,2.0794415416798357,2.0794415416798357,2.0794415416798357,1.2130075659799042,0.4453110166553639
sample_n1_d11_023,sample,1,11,11,T0 H0 H0 T0 H0 T0 T0 T0 T0 H0 H0,2.7725887222397816,2.7725887222397816,2.7725887222397816,1.3862943611198906,0.0
sample_n1_d11_024,sample,1,11,11,T0 H0 T0 S0 T0 H0 S0 T0 S0 S0 S0,0.6931471805599453,0.6931471805599453,0.6931471805599453,13.815510557964274,0.0
sample_n1_d11_025,sample,1,11,11,H0 T0 S0 H0 T0 H0 S0 S0 H0 T0 H0,2.772588722239781,2.772588722239781,2.772588722239781,1.3862943611198906,0.2876820724517817
sample_n1_d11_026,sample,1,11,11,T0 T0 S0 S0 S0 S0 H0 H0 S0 S0 T0,0.6931471805599453,0.6931471805599453,0.6931471805599453,13.815510557964274,0.2876820724517809
sample_n1_d11_027,sample,1,11,11,H0 S0 S0 H0 T0 S0 T0 T0 T0 S0 H0,1.3862943611198904,1.3862943611198904,1.3862943611198904,0.6931471805599454,0.0
sample_n1_d11_028,sample,1,11,11,T0 T0 T0 H0 S0 S0 T0 T0 H0 S0 H0,1.3862943611198908,1.3862943611198908,1.3862943611198908,14.162084148244247,0.2876820724517809
sample_n1_d11_029,sample,1,11,11,T0 H0 T0 H0 T0 S0 S0 H0 H0 S0 S0,2.079441541679836,2.079441541679836,2.079441541679836,1.2130075659799042,0.44531101665536404
sample_n1_d11_030,sample,1,11,11,S0 S0 T0 S0 T0 H0 S0 T0 H0 H0 S0,1.3862943611198908,1.3862943611198908,1.3862943611198908,0.6931471805599453,0.2876820724517809
sample_n1_d12_001,sample,1,12,12,S0 S0 H0 S0 S0 S0 H0 H0 H0 T0 S0 S0,2.0794415416798357,2.0794415416798357,2.0794415416798357,1.039720770839918,0.2876820724517809
sample_n1_d12_002,sample,1,12,12,S0 S0 H0 T0 T0 S0 H0 S0 S0 H0 S0 H0,2.0794415416798357,2.0794415416798357,2.0794415416798357,1.039720770839918,0.0
sample_n1_d12_003,sample,1,12,12,T0 S0 H0 S0 S0 T0 T0 S0 H0 H0 S0 H0,2.0794415416798357,2.0794415416798357,2.0794415416798357,1.039720770839918,0.28768207245178
sample_n1_d12_004,sample,1,12,12,T0 T0 S0 T0 S0 S0 T0 T0 T0 S0 T0 H0,0.0,0.0,0.0,0.0,0.28768207245178
sample_n1_d12_005,sample,1,12,12,H0 T0 S0 T0 S0 S0 S0 T0 S0 T0 S0 T0,0.0,0.0,0.0,0.0,0.2876820724517815
sample_n1_d12_006,sample,1,12,12,S0 S0 S0 S0 T0 H0 H0 T0 S0 H0 S0 T0,1.3862943611198906,1.3862943611198908,1.3862943611198908,0.6931471805599453,0.2876820724517809
sample_n1_d12_007,sample,1,12,12,S0 S0 S0 H0 H0 T0 S0 H0 H0 T0 H0 H0,3.4657359027997265,3.4657359027997265,3.4657359027997265,15.201804919084164,0.0
sample_n1_d12_008,sample,1,12,12,S0 T0 S0 T0 S0 H0 S0 H0 S0 H0 S0 S0,1.3862943611198906,1.3862943611198906,1.3862943611198906,14.162084148244247,0.0
sample_n1_d12_009,sample,1,12,12,S0 T0 S0 H0 T0 S0 T0 S0 T0 H0 H0 S0,1.3862943611198904,1.3862943611198906,1.3862943611198906,0.6931471805599454,0.5753641449035617
sample_n1_d12_010,sample,1,12,12,S0 H0 T0 T0 S0 T0 S0 H0 T0 T0 S0 S0,0.6931471805599452,0.6931471805599452,0.6931471805599453,0.5198603854199589,0.2876820724517809
sample_n1_d12_011,sample,1,12,12,S0 T0 S0 T0 H0 H0 H0 H0 S0 H0 H0 T0,3.4657359027997265,3.4657359027997265,3.4657359027997265,15.201804919084164,0.28768207245178123
sample_n1_d12_012,sample,1,12,12,S0 H0 T0 S0 S0 H0 T0 S0 S0 H0 S0 S0,1.3862943611198908,1.3862943611198908,1.3862943611198908,0.7650676986728907,0.575364144903561
sample_n1_d12_013,sample,1,12,12,H0 T0 T0 S0 H0 T0 H0 T0 T0 S0 S0 S0,1.3862943611198904,1.3862943611198904,1.3862943611198906,0.6931471805599452,0.28768207245178
sample_n1_d12_014,sample,1,12,12,T0 T0 T0 T0 T0 H0 S0 H0 T0 T0 T0 T0,0.6931471805599453,0.6931471805599453,0.6931471805599453,0.3465735902799727,0.2876820724517809
sample_n1_d12_015,sample,1,12,12,H0 S0 T0 T0 S0 S0 S0 T0 S0 T0 H0 T0,0.6931471805599452,0.6931471805599452,0.6931471805599453,0.3465735902799726,0.28768207245177974
sample_n1_d12_016,sample,1,12,12,H0 T0 S0 T0 T0 H0 T0 S0 T0 H0 S0 T0,1.3862943611198904,1.3862943611198904,1.3862943611198906,0.6931471805599453,0.0
sample_n1_d12_017,sample,1,12,12,H0 S0 T0 S0 S0 S0 S0 T0 H0 S0 T0 T0,0.6931471805599453,0.6931471805599453,0.6931471805599453,13.815510557964274,0.0
sample_n1_d12_018,sample,1,12,12,S0 S0 T0 S0 T0 S0 T0 S0 H0 H0 S0 S0,0.6931471805599453,0.6931471805599453,0.6931471805599453,13.815510557964274,0.2876820724517809
sample_n1_d12_019,sample,1,12,12,H0 S0 H0 H0 T0 T0 S0 T0 T0 T0 S0 H0,2.0794415416798357,2.0794415416798357,2.0794415416798357,1.2130075659799044,0.2876820724517809
sample_n1_d12_020,sample,1,12,12,T0 T0 S0 H0 H0 T0 T0 S0 H0 T0 H0 S0,2.0794415416798357,2.0794415416798357,2.0794415416798357,1.2130075659799042,0.28768207245178107
sample_n1_d12_021,sample,1,12,12,S0 H0 S0 T0 T0 T0 T0 S0 H0 S0 S0 H0,1.3862943611198904,1.3862943611198904,1.3862943611198904,0.6931471805599454,0.0
sample_n1_d12_022,sample,1,12,12,H0 H0 S0 H0 S0 H0 T0 T0 H0 S0 H0 T0,3.4657359027997265,3.4657359027997265,3.4657359027997265,1.7328679513998635,0.28768207245177974
sample_n1_d12_023,sample,1,12,12,H0 S0 S0 H0 T0 H0 T0 S0 T0 S0 S0 H0,2.0794415416798357,2.0794415416798357,2.0794415416798357,14.508657738524219,0.28768207245178123
sample_n1_d12_024,sample,1,12,12,T0 S0 H0 S0 H0 S0 S0 H0 H0 H0 T0 S0,2.772588722239781,2.772588722239781,2.772588722239781,1.3862943611198906,0.5753641449035618
sample_n1_d12_025,sample,1,12,12,S0 H0 T0 T0 T0 T0 T0 H0 S0 S0 H0 T0,1.3862943611198904,1.3862943611198904,1.3862943611198906,0.6931471805599454,0.0
sample_n1_d12_026,sample,1,12,12,T0 T0 H0 S0 S0 S0 T0 S0 S0 H0 S0 T0,0.6931471805599453,0.6931471805599453,0.6931471805599453,0.519860385419959,0.575364144903562
sample_n1_d12_027,sample,1,12,12,T0 T0 S0 H0 T0 T0 H0 H0 T0 T0 H0 S0,2.0794415416798357,2.0794415416798357,2.0794415416798357,14.508657738524219,0.0
sample_n1_d12_028,sample,1,12,12,T0 H0 S0 S0 H0 H0 H0 S0 H0 H0 H0 H0,4.852030263919618,4.852030263919618,4.852030263919618,15.894952099644112,0.2876820724517791
sample_n1_d12_029,sample,1,12,12,T0 T0 H0 H0 T0 H0 H0 H0 S0 T0 T0 H0,3.4657359027997265,3.4657359027997265,3.4657359027997265,15.201804919084164,0.2876820724517809
sample_n1_d12_030,sample,1,12,12,S0 H0 S0 T0 H0 H0 H0 H0 H0 S0 H0 S0,4.1588830833596715,4.1588830833596715,4.1588830833596715,2.252728336819822,0.28768207245177974
sample_n2_d1_001,sample,2,1,1,T1,0.0,0.0,0.0,0.0,0.2876820724517809
sample_n2_d1_002,sample,2,1,1,T0,0.0,0.0,0.0,0.0,0.2876820724517809
sample_n2_d1_003,sample,2,1,1,"CNOT0,1",0.0,0.0,0.0,0.0,0.0
sample_n2_d1_004,sample,2,1,1,H0,0.0,0.0,0.0,0.0,0.0
sample_n2_d1_005,sample,2,1,1,"CNOT1,0",0.0,0.0,0.0,0.0,0.0
sample_n2_d1_006,sample,2,1,1,S0,0.0,0.0,0.0,0.0,0.0
sample_n2_d1_007,sample,2,1,1,H1,0.0,0.0,0.0,0.0,0.0
sample_n2_d1_008,sample,2,1,1,S1,0.0,0.0,0.0,0.0,0.0
sample_n2_d1_009,sample,2,1,1,"CZ0,1",0.0,0.0,0.0,0.0,0.0
sample_n2_d2_001,sample,2,2,2,"H1 CNOT0,1",0.0,0.0,0.0,0.0,0.0
sample_n2_d2_002,sample,2,2,2,"S0 CNOT1,0",0.0,0.0,0.0,0.0,0.0
sample_n2_d2_003,sample,2,2,2,"CZ0,1 H1",0.0,0.0,0.0,0.0,0.0
sample_n2_d2_004,sample,2,2,2,H0 S0,0.0,0.0,0.0,0.0,0.0
sample_n2_d2_005,sample,2,2,2,T1 S0,0.0,0.0,0.0,0.0,0.2876820724517809
sample_n2_d2_006,sample,2,2,2,"S0 CZ0,1",0.0,0.0,0.0,0.0,0.0
sample_n2_d2_007,sample,2,2,2,"CNOT1,0 CZ0,1",0.0,0.0,0.0,0.0,0.0
sample_n2_d2_008,sample,2,2,2,H1 T0,0.0,0.0,0.0,0.0,0.2876820724517806
sample_n2_d2_009,sample,2,2,2,"S1 CZ0,1",0.0,0.0,0.0,0.0,0.0
sample_n2_d2_010,sample,2,2,2,T1 H0,0.0,0.0,0.0,0.0,0.28768207245178035
sample_n2_d2_011,sample,2,2,2,"T1 CZ0,1",0.0,0.0,0.0,0.0,0.2876820724517809
sample_n2_d2_012,sample,2,2,2,"CNOT1,0 H1",0.0,0.0,0.0,0.0,0.0
sample_n2_d2_013,sample,2,2,2,"H0 CNOT0,1",0.0,0.0,0.0,0.0,0.0
sample_n2_d2_014,sample,2,2,2,"T1 CNOT0,1",0.0,0.0,0.0,0.0,0.2876820724517809
sample_n2_d2_015,sample,2,2,2,T0 T1,0.0,0.0,0.0,0.0,0.5753641449035617
sample_n2_d2_016,sample,2,2,2,"CZ0,1 T1",0.0,0.0,0.0,0.0,0.2876820724517809
sample_n2_d2_017,sample,2,2,2,S0 S0,0.0,0.0,0.0,0.0,0.0
sample_n2_d2_018,sample,2,2,2,S0 H0,0.0,0.0,0.0,0.0,0.0
sample_n2_d2_019,sample,2,2,2,"H0 CNOT1,0",0.0,0.0,0.0,0.0,0.0
sample_n2_d2_020,sample,2,2,2,"CZ0,1 S1",0.0,0.0,0.0,0.0,0.0
sample_n2_d2_021,sample,2,2,2,"CNOT0,1 CNOT0,1",0.0,0.0,0.0,0.0,0.0
sample_n2_d2_022,sample,2,2,2,"CNOT0,1 H1",0.0,0.0,0.0,0.0,0.0
sample_n2_d2_023,sample,2,2,2,"CNOT1,0 CNOT0,1",0.0,0.0,0.0,0.0,0.0
sample_n2_d2_024,sample,2,2,2,"H1 CNOT1,0",0.0,0.0,0.0,0.0,0.0
sample_n2_d2_025,sample,2,2,2,"CZ0,1 CNOT0,1",0.0,0.0,0.0,0.0,0.0
sample_n2_d2_026,sample,2,2,2,"T0 CNOT1,0",0.0,0.0,0.0,0.0,0.2876820724517809
sample_n2_d2_027,sample,2,2,2,T1 T0,0.0,0.0,0.0,0.0,0.5753641449035617
sample_n2_d2_028,sample,2,2,2,T1 H1,0.0,0.0,0.0,0.0,0.28768207245178035
sample_n2_d2_029,sample,2,2,2,S0 T1,0.0,0.0,0.0,0.0,0.2876820724517809
sample_n2_d2_030,sample,2,2,2,H1 S0,0.0,0.0,0.0,0.0,0.0
sample_n2_d2_031,sample,2,2,2,S1 T0,0.0,0.0,0.0,0.0,0.2876820724517809
sample_n2_d2_032,sample,2,2,2,"S1 CNOT0,1",0.0,0.0,0.0,0.0,0.0
sample_n2_d2_033,sample,2,2,2,"CNOT1,0 S0",0.0,0.0,0.0,0.0,0.0
sample_n2_d2_034,sample,2,2,2,"CNOT1,0 T0",0.0,0.0,0.0,0.0,0.2876820724517809
sample_n2_d2_035,sample,2,2,2,"CNOT1,0 CNOT1,0",0.0,0.0,0.0,0.0,0.0
sample_n2_d2_036,sample,2,2,2,"S0 CNOT0,1",0.0,0.0,0.0,0.0,0.0
sample_n2_d2_037,sample,2,2,2,"CNOT0,1 T1",0.0,0.0,0.0,0.0,0.2876820724517809
sample_n2_d2_038,sample,2,2,2,T1 T1,0.0,0.0,0.0,0.0,0.0
sample_n2_d2_039,sample,2,2,2,"H0 CZ0,1",0.0,0.0,0.0,0.0,0.0
sample_n2_d2_040,sample,2,2,2,"T1 CNOT1,0",0.0,0.0,0.0,0.0,0.2876820724517809
sample_n2_d3_001,sample,2,3,3,T0 H0 T1,0.0,0.0,0.0,0.0,0.5753641449035618
sample_n2_d3_002,sample,2,3,3,T1 S1 S1,0.0,0.0,0.0,0.0,0.2876820724517809
sample_n2_d3_003,sample,2,3,3,S1 S0 S0,0.0,0.0,0.0,0.0,0.0
sample_n2_d3_004,sample,2,3,3,"CNOT0,1 S1 S0",0.0,0.0,0.0,0.0,0.0
sample_n2_d3_005,sample,2,3,3,H1 S0 T0,0.0,0.0,0.0,0.0,0.2876820724517806
sample_n2_d3_006,sample,2,3,3,T0 T1 T0,0.0,0.0,0.0,0.0,0.28768207245178
sample_n2_d3_007,sample,2,3,3,S1 T1 H1,0.0,0.0,0.0,0.0,0.28768207245178035
sample_n2_d3_008,sample,2,3,3,"CZ0,1 S0 CZ0,1",0.0,0.0,0.0,0.0,0.0
sample_n2_d3_009,sample,2,3,3,"CNOT0,1 H0 S0",0.0,0.0,0.0,0.0,0.0
sample_n2_d3_010,sample,2,3,3,"H1 H0 CNOT1,0",0.0,0.0,0.0,0.0,0.0
sample_n2_d3_011,sample,2,3,3,"CZ0,1 CNOT1,0 S1",0.0,0.0,0.0,0.0,0.0
sample_n2_d3_012,sample,2,3,3,"H1 CZ0,1 T0",0.0,0.0,0.0,0.0,0.2876820724517806
sample_n2_d3_013,sample,2,3,3,"CNOT0,1 H1 H0",0.0,0.0,0.0,0.0,0.0
sample_n2_d3_014,sample,2,3,3,T0 S1 H1,0.0,0.0,0.0,0.0,0.2876820724517806
sample_n2_d3_015,sample,2,3,3,"T1 CZ0,1 S0",0.0,0.0,0.0,0.0,0.2876820724517809
sample_n2_d3_016,sample,2,3,3,"CNOT1,0 H1 CNOT1,0",0.0,0.0,0.0,0.0,0.0
sample_n2_d3_017,sample,2,3,3,"CNOT0,1 S0 T1",0.0,0.0,0.0,0.0,0.2876820724517809
sample_n2_d3_018,sample,2,3,3,"T0 CZ0,1 S0",0.0,0.0,0.0,0.0,0.2876820724517809
sample_n2_d3_019,sample,2,3,3,"S0 CZ0,1 H0",0.0,0.0,0.0,0.0,0.0
sample_n2_d3_020,sample,2,3,3,"T0 CNOT0,1 CNOT1,0",0.0,0.0,0.0,0.0,0.2876820724517809
sample_n2_d3_021,sample,2,3,3,"T0 T0 CZ0,1",0.0,0.0,0.0,0.0,0.0
sample_n2_d3_022,sample,2,3,3,S0 S0 T1,0.0,0.0,0.0,0.0,0.2876820724517809
sample_n2_d3_023,sample,2,3,3,"S1 T0 CNOT1,0",0.0,0.0,0.0,0.0,0.2876820724517809
sample_n2_d3_024,sample,2,3,3,S1 T0 S0,0.0,0.0,0.0,0.0,0.2876820724517809
sample_n2_d3_025,sample,2,3,3,"S0 CNOT1,0 H1",0.0,0.0,0.0,0.0,0.0
sample_n2_d3_026,sample,2,3,3,"S1 CNOT0,1 CNOT1,0",0.0,0.0,0.0,0.0,0.0
sample_n2_d3_027,sample,2,3,3,"CZ0,1 S1 CNOT0,1",0.0,0.0,0.0,0.0,0.0
sample_n2_d3_028,sample,2,3,3,T1 H0 S0,0.0,0.0,0.0,0.0,0.28768207245178035
sample_n2_d3_029,sample,2,3,3,"H0 T0 CZ0,1",0.0,0.0,0.0,0.0,0.28768207245178035
sample_n2_d3_030,sample,2,3,3,T0 S1 S1,0.0,0.0,0.0,0.0,0.2876820724517809
sample_n2_d3_031,sample,2,3,3,"S0 CNOT0,1 H0",0.0,0.0,0.0,0.0,0.0
sample_n2_d3_032,sample,2,3,3,S0 S1 H1,0.0,0.0,0.0,0.0,0.0
sample_n2_d3_033,sample,2,3,3,T1 T1 S1,0.0,0.0,0.0,0.0,0.0
sample_n2_d3_034,sample,2,3,3,"CNOT1,0 CNOT0,1 H0",0.0,0.0,0.0,0.0,0.0
sample_n2_d3_035,sample,2,3,3,T1 T0 H1,0.0,0.0,0.0,0.0,0.5753641449035618
sample_n2_d3_036,sample,2,3,3,"H1 T1 CNOT1,0",0.0,0.0,0.0,0.0,0.28768207245178035
sample_n2_d3_037,sample,2,3,3,H0 T1 S1,0.0,0.0,0.0,0.0,0.28768207245178035
sample_n2_d3_038,sample,2,3,3,"S0 CZ0,1 T1",0.0,0.0,0.0,0.0,0.2876820724517809
sample_n2_d3_039,sample,2,3,3,H1 S1 H0,0.0,0.0,0.0,0.0,0.0
sample_n2_d3_040,sample,2,3,3,"CZ0,1 T1 CNOT0,1",0.0,0.0,0.0,0.0,0.2876820724517809
sample_n2_d4_001,sample,2,4,4,"CZ0,1 S1 H0 CZ0,1",0.0,0.0,0.0,0.0,0.0
sample_n2_d4_002,sample,2,4,4,"CZ0,1 H1 CNOT0,1 S1",0.0,0.0,0.0,0.0,0.0
sample_n2_d4_003,sample,2,4,4,"H1 CZ0,1 CNOT1,0 T1",0.0,0.0,0.0,0.0,0.28768207245178035
sample_n2_d4_004,sample,2,4,4,"S0 S1 H1 CNOT0,1",0.0,0.0,0.0,0.0,0.0
sample_n2_d4_005,sample,2,4,4,H1 T0 T0 T1,0.0,0.0,0.0,0.0,0.2876820724517809
sample_n2_d4_006,sample,2,4,4,"S1 T1 H0 CZ0,1",0.0,0.0,0.0,0.0,0.28768207245178035
sample_n2_d4_007,sample,2,4,4,"T1 CZ0,1 T0 S0",0.0,0.0,0.0,0.0,0.5753641449035617
sample_n2_d4_008,sample,2,4,4,"T1 CNOT1,0 S0 CNOT0,1",0.0,0.0,0.0,0.0,0.2876820724517809
sample_n2_d4_009,sample,2,4,4,"H0 CNOT0,1 S1 CZ0,1",0.0,0.0,0.0,0.0,0.0
sample_n2_d4_010,sample,2,4,4,"CNOT1,0 T1 S1 H1",0.0,0.0,0.0,0.0,0.28768207245178035
sample_n2_d4_011,sample,2,4,4,"H0 T0 CZ0,1 S0",0.0,0.0,0.0,0.0,0.28768207245178035
sample_n2_d4_012,sample,2,4,4,"CNOT1,0 T0 H1 CNOT1,0",0.0,0.0,0.0,0.0,0.28768207245178035
sample_n2_d4_013,sample,2,4,4,"T0 H1 CNOT0,1 CZ0,1",0.0,0.0,0.0,0.0,0.2876820724517806
sample_n2_d4_014,sample,2,4,4,"CNOT0,1 CNOT1,0 S0 T1",0.0,0.0,0.0,0.0,0.2876820724517809
sample_n2_d4_015,sample,2,4,4,S0 S1 H1 T0,0.0,0.0,0.0,0.0,0.2876820724517806
sample_n2_d4_016,sample,2,4,4,S0 S1 T1 H0,0.0,0.0,0.0,0.0,0.28768207245178035
sample_n2_d4_017,sample,2,4,4,"S1 T0 CZ0,1 H0",0.0,0.0,0.0,0.0,0.2876820724517806
sample_n2_d4_018,sample,2,4,4,H0 T0 H1 S0,0.0,0.0,0.0,0.0,0.2876820724517809
sample_n2_d4_019,sample,2,4,4,"H0 CNOT1,0 T1 CZ0,1",0.0,0.0,0.0,0.0,0.28768207245178035
sample_n2_d4_020,sample,2,4,4,"CNOT0,1 T1 H1 H1",0.6931471805599453,0.6931471805599453,0.6931471805599453,13.815510557964274,0.2876820724517809
sample_n2_d4_021,sample,2,4,4,"H0 T1 T1 CNOT0,1",0.0,0.0,0.0,0.0,0.0
sample_n2_d4_022,sample,2,4,4,"CNOT0,1 CNOT1,0 H0 CNOT1,0",0.0,0.0,0.0,0.0,0.0
sample_n2_d4_023,sample,2,4,4,"T0 H1 CZ0,1 S1",0.0,0.0,0.0,0.0,0.2876820724517806
sample_n2_d4_024,sample,2,4,4,"CNOT0,1 T1 T0 S1",0.0,0.0,0.0,0.0,0.5753641449035617
sample_n2_d4_025,sample,2,4,4,"CZ0,1 S1 S1 S1",0.0,0.0,0.0,0.0,0.0
sample_n2_d4_026,sample,2,4,4,"S1 H1 CZ0,1 CNOT0,1",0.0,0.0,0.0,0.0,0.0
sample_n2_d4_027,sample,2,4,4,"H1 H0 H0 CZ0,1",0.6931471805599453,0.6931471805599453,0.6931471805599453,13.642223762824287,0.0
sample_n2_d4_028,sample,2,4,4,"H0 CNOT1,0 CNOT0,1 H0",0.0,0.0,0.0,0.0,0.0
sample_n2_d4_029,sample,2,4,4,"S1 CNOT1,0 H1 CNOT0,1",0.0,0.0,0.0,0.0,0.0
sample_n2_d4_030,sample,2,4,4,"CZ0,1 H0 S1 H1",0.0,0.0,0.0,0.0,0.0
sample_n2_d4_031,sample,2,4,4,"H0 CZ0,1 S1 H1",0.0,0.0,0.0,0.0,0.0
sample_n2_d4_032,sample,2,4,4,"CNOT1,0 H1 CZ0,1 T1",0.0,0.0,0.0,0.0,0.28768207245178035
sample_n2_d4_033,sample,2,4,4,"T1 H1 H1 CNOT0,1",0.6931471805599453,0.6931471805599453,0.6931471805599453,13.815510557964274,0.2876820724517809
sample_n2_d4_034,sample,2,4,4,"S1 H1 H0 CNOT1,0",0.0,0.0,0.0,0.0,0.0
sample_n2_d4_035,sample,2,4,4,"CNOT1,0 T0 T0 CNOT0,1",0.0,0.0,0.0,0.0,0.0
sample_n2_d4_036,sample,2,4,4,"CZ0,1 T1 H0 T1",0.0,0.0,0.0,0.0,0.0
sample_n2_d4_037,sample,2,4,4,"CZ0,1 H0 S0 H1",0.0,0.0,0.0,0.0,0.0
sample_n2_d4_038,sample,2,4,4,T1 H1 S1 T1,0.0,0.0,0.0,0.0,0.5753641449035618
sample_n2_d4_039,sample,2,4,4,"H0 T0 T1 CZ0,1",0.0,0.0,0.0,0.0,0.5753641449035618
sample_n2_d4_040,sample,2,4,4,"T0 CZ0,1 CNOT1,0 S1",0.0,0.0,0.0,0.0,0.2876820724517809
sample_n2_d5_001,sample,2,5,5,"CNOT0,1 S0 CNOT0,1 T1 T0",0.0,0.0,0.0,0.0,0.5753641449035617
sample_n2_d5_002,sample,2,5,5,"S0 CZ0,1 H0 CNOT0,1 H1",0.0,0.0,0.0,0.0,0.0
sample_n2_d5_003,sample,2,5,5,"CZ0,1 H1 T0 CNOT1,0 H1",0.0,0.0,0.0,0.0,0.2876820724517809
sample_n2_d5_004,sample,2,5,5,"H0 CNOT0,1 S0 CNOT1,0 CZ0,1",0.0,0.0,0.0,0.0,0.0
sample_n2_d5_005,sample,2,5,5,"CNOT0,1 S0 H0 CZ0,1 T0",0.0,0.0,0.0,0.0,0.28768207245178
sample_n2_d5_006,sample,2,5,5,"H0 S0 H1 CZ0,1 S0",0.0,0.0,0.0,0.0,0.0
sample_n2_d5_007,sample,2,5,5,S1 S0 S1 T0 T0,0.0,0.0,0.0,0.0,0.0
sample_n2_d5_008,sample,2,5,5,"T0 T0 CNOT0,1 CZ0,1 CNOT1,0",0.0,0.0,0.0,0.0,0.0
sample_n2_d5_009,sample,2,5,5,"T1 S1 T0 CNOT0,1 T1",0.0,0.0,0.0,0.0,0.8266785731844681
sample_n2_d5_010,sample,2,5,5,"S1 H1 CNOT0,1 CZ0,1 T0",0.0,0.0,0.0,0.0,0.2876820724517806
sample_n2_d5_011,sample,2,5,5,"H0 CZ0,1 CNOT1,0 T0 H1",0.0,0.0,0.0,0.0,0.2876820724517808
sample_n2_d5_012,sample,2,5,5,"S0 H0 T1 T1 CZ0,1",0.0,0.0,0.0,0.0,0.0
sample_n2_d5_013,sample,2,5,5,T1 T1 T1 H0 H0,0.6931471805599453,0.6931471805599453,0.6931471805599453,13.815510557964274,0.2876820724517809
sample_n2_d5_014,sample,2,5,5,H1 H1 S0 T0 S0,0.6931471805599453,0.6931471805599453,0.6931471805599453,13.815510557964274,0.2876820724517809
sample_n2_d5_015,sample,2,5,5,"S1 S0 H0 S1 CNOT0,1",0.0,0.0,0.0,0.0,0.0
sample_n2_d5_016,sample,2,5,5,"S0 CNOT0,1 H1 CNOT0,1 T1",0.0,0.0,0.0,0.0,0.28768207245178035
sample_n2_d5_017,sample,2,5,5,S1 T0 T0 H1 S1,0.0,0.0,0.0,0.0,0.0
sample_n2_d5_018,sample,2,5,5,"CNOT0,1 CNOT1,0 H0 H0 CZ0,1",0.6931471805599453,0.6931471805599453,0.6931471805599453,13.815510557964274,0.0
sample_n2_d5_019,sample,2,5,5,S1 T1 T1 H1 T0,0.0,0.0,0.0,0.0,0.2876820724517809
sample_n2_d5_020,sample,2,5,5,"CNOT0,1 T1 S0 CNOT1,0 S0",0.0,0.0,0.0,0.0,0.2876820724517809
sample_n2_d5_021,sample,2,5,5,"CNOT1,0 S0 H1 S1 H1",0.6931471805599453,0.6931471805599453,0.6931471805599453,0.3465735902799726,0.0
sample_n2_d5_022,sample,2,5,5,"CZ0,1 T0 T0 S0 T1",0.0,0.0,0.0,0.0,0.28768207245178123
sample_n2_d5_023,sample,2,5,5,"T0 S0 CNOT0,1 CNOT1,0 T0",0.0,0.0,0.0,0.0,0.5753641449035615
sample_n2_d5_024,sample,2,5,5,S0 H0 S1 T1 H1,0.0,0.0,0.0,0.0,0.2876820724517808
sample_n2_d5_025,sample,2,5,5,"S0 CNOT1,0 S0 CZ0,1 CNOT1,0",0.0,0.0,0.0,0.0,0.0
sample_n2_d5_026,sample,2,5,5,T0 S0 T1 H1 S1,0.0,0.0,0.0,0.0,0.5753641449035618
sample_n2_d5_027,sample,2,5,5,"T1 S0 T0 CZ0,1 H0",0.0,0.0,0.0,0.0,0.5753641449035618
sample_n2_d5_028,sample,2,5,5,"CNOT1,0 H1 T0 T0 CZ0,1",0.0,0.0,0.0,0.0,0.0
sample_n2_d5_029,sample,2,5,5,"T0 T0 CZ0,1 H1 CZ0,1",0.0,0.0,0.0,0.0,0.0
sample_n2_d5_030,sample,2,5,5,H0 H1 T0 T1 T1,0.0,0.0,0.0,0.0,0.2876820724517806
sample_n2_d5_031,sample,2,5,5,"T0 H1 H1 S0 CNOT1,0",0.6931471805599453,0.6931471805599453,0.6931471805599453,13.815510557964274,0.2876820724517809
sample_n2_d5_032,sample,2,5,5,"CNOT0,1 T0 T1 H1 S0",0.0,0.0,0.0,0.0,0.5753641449035618
sample_n2_d5_033,sample,2,5,5,"S1 H0 S0 CZ0,1 H1",0.0,0.0,0.0,0.0,0.0
sample_n2_d5_034,sample,2,5,5,"CNOT1,0 S0 CZ0,1 H1 T1",0.0,0.0,0.0,0.0,0.28768207245178035
sample_n2_d5_035,sample,2,5,5,S1 T0 T0 S1 T1,0.0,0.0,0.0,0.0,0.28768207245178
sample_n2_d5_036,sample,2,5,5,"CZ0,1 H0 CNOT0,1 T1 T1",0.0,0.0,0.0,0.0,0.0
sample_n2_d5_037,sample,2,5,5,"T0 H1 CNOT1,0 CZ0,1 T0",0.0,0.0,0.0,0.0,0.5753641449035618
sample_n2_d5_038,sample,2,5,5,"S1 H0 CNOT0,1 T0 S0",0.0,0.0,0.0,0.0,0.28768207245178035
sample_n2_d5_039,sample,2,5,5,"T1 T1 T0 CNOT0,1 CNOT0,1",0.0,0.0,0.0,0.0,0.28768207245178123
sample_n2_d5_040,sample,2,5,5,"H0 T1 CNOT1,0 S1 S0",0.0,0.0,0.0,0.0,0.28768207245178035
sample_n2_d6_001,sample,2,6,6,"CNOT1,0 CNOT0,1 T1 CNOT0,1 H1 CZ0,1",0.0,0.0,0.0,0.0,0.2876820724517806
sample_n2_d6_002,sample,2,6,6,"T0 T0 T1 CNOT1,0 H0 T0",0.0,0.0,0.0,0.0,0.5753641449035617
sample_n2_d6_003,sample,2,6,6,"T0 CNOT1,0 CZ0,1 S0 CNOT0,1 CZ0,1",0.0,0.0,0.0,0.0,0.2876820724517809
sample_n2_d6_004,sample,2,6,6,"CNOT0,1 CNOT0,1 H0 CNOT1,0 T0 T0",0.0,0.0,0.0,0.0,0.0
sample_n2_d6_005,sample,2,6,6,"S1 CZ0,1 S0 H0 S0 S1",0.0,0.0,0.0,0.0,0.0
sample_n2_d6_006,sample,2,6,6,"CNOT0,1 H1 T0 CNOT1,0 S0 S0",0.0,0.0,0.0,0.0,0.2876820724517806
sample_n2_d6_007,sample,2,6,6,"CNOT0,1 CZ0,1 S0 S1 CNOT0,1 S1",0.0,0.0,0.0,0.0,0.0
sample_n2_d6_008,sample,2,6,6,"S1 CZ0,1 H0 T1 CNOT0,1 S0",0.0,0.0,0.0,0.0,0.28768207245178035
sample_n2_d6_009,sample,2,6,6,"S0 S0 CZ0,1 CNOT1,0 CNOT1,0 CNOT0,1",0.0,0.0,0.0,0.0,0.0
sample_n2_d6_010,sample,2,6,6,"CNOT0,1 CNOT1,0 T1 T0 H1 S1",0.0,0.0,0.0,0.0,0.5753641449035618
sample_n2_d6_011,sample,2,6,6,"S0 T0 H0 T0 CNOT1,0 T0",0.0,0.0,0.0,0.0,0.8630462173553428
sample_n2_d6_012,sample,2,6,6,"H0 H1 H1 T0 CZ0,1 T1",0.6931471805599453,0.6931471805599453,0.6931471805599453,13.642223762824287,0.5753641449035618
sample_n2_d6_013,sample,2,6,6,"CNOT0,1 CNOT1,0 H1 CNOT1,0 S0 CZ0,1",0.0,0.0,0.0,0.0,0.0
sample_n2_d6_014,sample,2,6,6,"H0 S1 T1 H1 CNOT1,0 H0",0.6931471805599453,0.6931471805599453,0.6931471805599453,13.642223762824287,0.28768207245178107
sample_n2_d6_015,sample,2,6,6,"S1 S0 T1 CNOT1,0 CZ0,1 H0",0.0,0.0,0.0,0.0,0.28768207245178035
sample_n2_d6_016,sample,2,6,6,"T0 CZ0,1 CNOT1,0 CNOT1,0 CNOT0,1 CNOT0,1",0.0,0.0,0.0,0.0,0.2876820724517809
sample_n2_d6_017,sample,2,6,6,S0 H0 S1 T0 T0 S1,0.0,0.0,0.0,0.0,0.0
sample_n2_d6_018,sample,2,6,6,"CNOT1,0 H1 CNOT1,0 CZ0,1 CZ0,1 CZ0,1",0.0,0.0,0.0,0.0,0.0
sample_n2_d6_019,sample,2,6,6,"S0 S0 CNOT1,0 CNOT1,0 H1 T1",0.0,0.0,0.0,0.0,0.28768207245178035
sample_n2_d6_020,sample,2,6,6,"H0 H1 S1 CZ0,1 T1 S1",0.0,0.0,0.0,0.0,0.2876820724517808
sample_n2_d6_021,sample,2,6,6,"H1 H1 CNOT0,1 H1 CZ0,1 CNOT1,0",1.3862943611198906,1.3862943611198906,1.3862943611198906,0.6931471805599453,0.0
sample_n2_d6_022,sample,2,6,6,"CZ0,1 T0 T0 S0 H1 CZ0,1",0.0,0.0,0.0,0.0,0.0
sample_n2_d6_023,sample,2,6,6,"S0 CNOT1,0 T1 H1 CZ0,1 T0",0.0,0.0,0.0,0.0,0.5753641449035618
sample_n2_d6_024,sample,2,6,6,"T1 H1 CNOT1,0 S1 H0 CNOT0,1",0.0,0.0,0.0,0.0,0.2876820724517808
sample_n2_d6_025,sample,2,6,6,"CZ0,1 CNOT1,0 H1 H0 S0 H0",0.6931471805599453,0.6931471805599453,0.6931471805599453,0.3465735902799726,0.0
sample_n2_d6_026,sample,2,6,6,"H1 S0 S1 CZ0,1 CNOT1,0 CZ0,1",0.0,0.0,0.0,0.0,0.0
sample_n2_d6_027,sample,2,6,6,T1 T1 S1 T0 H0 H1,0.0,0.0,0.0,0.0,0.2876820724517809
sample_n2_d6_028,sample,2,6,6,"H0 H0 T1 CNOT1,0 CNOT1,0 CZ0,1",0.6931471805599453,0.6931471805599453,0.6931471805599453,13.815510557964274,0.2876820724517809
sample_n2_d6_029,sample,2,6,6,"H0 H1 H1 H0 T1 CNOT0,1",1.3862943611198906,1.3862943611198906,1.3862943611198906,27.631021115928547,0.28768207245178035
sample_n2_d6_030,sample,2,6,6,"H0 CNOT0,1 CZ0,1 S1 T0 S1",0.0,0.0,0.0,0.0,0.28768207245178035
sample_n2_d6_031,sample,2,6,6,"T0 H0 T0 CNOT1,0 CNOT0,1 CZ0,1",0.0,0.0,0.0,0.0,0.5753641449035618
sample_n2_d6_032,sample,2,6,6,"CNOT1,0 H1 T1 S0 CZ0,1 CNOT0,1",0.0,0.0,0.0,0.0,0.28768207245178035
sample_n2_d6_033,sample,2,6,6,"S1 T1 S1 CNOT1,0 T0 CZ0,1",0.0,0.0,0.0,0.0,0.5753641449035618
sample_n2_d6_034,sample,2,6,6,"CNOT1,0 S1 S1 CZ0,1 S0 CNOT1,0",0.0,0.0,0.0,0.0,0.0
sample_n2_d6_035,sample,2,6,6,"H1 S1 CNOT1,0 CNOT0,1 CNOT0,1 CZ0,1",0.0,0.0,0.0,0.0,0.0
sample_n2_d6_036,sample,2,6,6,"CZ0,1 S0 CZ0,1 S0 CZ0,1 CZ0,1",0.0,0.0,0.0,0.0,0.0
sample_n2_d6_037,sample,2,6,6,"H0 T1 S1 CNOT1,0 S0 S0",0.0,0.0,0.0,0.0,0.28768207245178035
sample_n2_d6_038,sample,2,6,6,"H0 H1 CNOT1,0 CNOT0,1 T0 H1",0.6931471805599453,0.6931471805599453,0.6931471805599453,13.642223762824287,0.28768207245178107
sample_n2_d6_039,sample,2,6,6,"H1 H0 T0 S0 CNOT1,0 S0",0.0,0.0,0.0,0.0,0.2876820724517809
sample_n2_d6_040,sample,2,6,6,"CZ0,1 S1 S0 CNOT0,1 CNOT1,0 H1",0.0,0.0,0.0,0.0,0.0
sample_n2_d7_001,sample,2,7,7,"S1 CZ0,1 T1 CNOT1,0 CNOT1,0 S1 CNOT1,0",0.0,0.0,0.0,0.0,0.2876820724517809
sample_n2_d7_002,sample,2,7,7,"CZ0,1 CNOT1,0 H1 T0 CZ0,1 H1 CZ0,1",0.6931471805599453,0.6931471805599453,0.6931471805599453,13.815510557964274,0.2876820724517809
sample_n2_d7_003,sample,2,7,7,"T0 S1 S0 H0 CNOT1,0 S1 T1",0.0,0.0,0.0,0.0,0.5753641449035618
sample_n2_d7_004,sample,2,7,7,"CZ0,1 H0 S1 T1 T1 CZ0,1 H1",0.0,0.0,0.0,0.0,0.0
sample_n2_d7_005,sample,2,7,7,"S0 H0 S1 T0 S0 CNOT1,0 CZ0,1",0.0,0.0,0.0,0.0,0.28768207245178035
sample_n2_d7_006,sample,2,7,7,"H0 CNOT0,1 S1 H0 CNOT1,0 H1 S0",0.6931471805599453,0.6931471805599453,0.6931471805599453,0.3465735902799726,0.0
sample_n2_d7_007,sample,2,7,7,"CNOT0,1 H1 CZ0,1 CZ0,1 H1 CZ0,1 H0",0.6931471805599453,0.6931471805599453,0.6931471805599453,13.642223762824287,0.0
sample_n2_d7_008,sample,2,7,7,"CNOT1,0 S1 T0 H0 T1 H0 H1",0.6931471805599453,0.6931471805599453,0.6931471805599453,13.642223762824287,0.5753641449035618
sample_n2_d7_009,sample,2,7,7,"T0 T1 T1 S0 CZ0,1 H1 S1",0.0,0.0,0.0,0.0,0.2876820724517809
sample_n2_d7_010,sample,2,7,7,"CZ0,1 CNOT0,1 CNOT0,1 H1 CNOT1,0 CNOT1,0 T0",0.0,0.0,0.0,0.0,0.2876820724517806
sample_n2_d7_011,sample,2,7,7,"CNOT1,0 H1 S1 H0 S0 H0 T1",0.6931471805599453,0.6931471805599453,0.6931471805599453,0.34657359027997264,0.2876820724517809
sample_n2_d7_012,sample,2,7,7,"H0 T1 H0 CNOT1,0 CZ0,1 T1 S0",0.6931471805599453,0.6931471805599453,0.6931471805599453,13.815510557964274,0.0
sample_n2_d7_013,sample,2,7,7,S1 T0 S1 S1 H0 T1 T1,0.0,0.0,0.0,0.0,0.2876820724517809
sample_n2_d7_014,sample,2,7,7,"CNOT0,1 S0 S0 T1 H0 H0 CNOT1,0",0.6931471805599453,0.6931471805599453,0.6931471805599453,13.815510557964274,0.2876820724517809
sample_n2_d7_015,sample,2,7,7,"S1 S0 H1 CNOT1,0 S1 H1 CNOT0,1",0.0,0.0,0.0,0.0,0.0
sample_n2_d7_016,sample,2,7,7,"CNOT1,0 H1 H0 CNOT0,1 CNOT1,0 CNOT1,0 CNOT1,0",0.0,0.0,0.0,0.0,0.0
sample_n2_d7_017,sample,2,7,7,"H0 CNOT0,1 S0 H0 T1 H0 T1",0.6931471805599453,0.6931471805599453,0.6931471805599453,13.642223762824287,0.0
sample_n2_d7_018,sample,2,7,7,"S1 H0 H1 CNOT0,1 T1 T1 CZ0,1",0.0,0.0,0.0,0.0,0.0
sample_n2_d7_019,sample,2,7,7,"CNOT0,1 CNOT1,0 CNOT1,0 T0 CNOT1,0 H0 CNOT0,1",0.0,0.0,0.0,0.0,0.2876820724517806
sample_n2_d7_020,sample,2,7,7,"T0 CNOT0,1 H0 CZ0,1 T0 H1 CNOT0,1",0.0,0.0,0.0,0.0,0.5753641449035615
sample_n2_d7_021,sample,2,7,7,"H0 CNOT1,0 CZ0,1 H1 S1 H1 S1",0.6931471805599453,0.6931471805599453,0.6931471805599453,0.3465735902799726,0.0
sample_n2_d7_022,sample,2,7,7,"CNOT0,1 T1 S1 S0 T1 S0 T1",0.0,0.0,0.0,0.0,0.28768207245178035
sample_n2_d7_023,sample,2,7,7,"S1 H1 T1 S0 CNOT0,1 T1 H0",0.0,0.0,0.0,0.0,0.5753641449035615
sample_n2_d7_024,sample,2,7,7,"H0 CNOT1,0 CNOT1,0 H1 CNOT1,0 H1 H0",1.3862943611198906,1.3862943611198906,1.3862943611198906,27.631021115928547,0.0
sample_n2_d7_025,sample,2,7,7,"H0 S0 H1 S0 CNOT1,0 T0 T0",0.0,0.0,0.0,0.0,0.0
sample_n2_d7_026,sample,2,7,7,"CNOT0,1 CNOT1,0 S1 CZ0,1 CNOT0,1 S0 S0",0.0,0.0,0.0,0.0,0.0
sample_n2_d7_027,sample,2,7,7,"CNOT1,0 CNOT0,1 S1 S1 H0 S0 H1",0.0,0.0,0.0,0.0,0.0
sample_n2_d7_028,sample,2,7,7,"CNOT1,0 CNOT0,1 H1 H0 CNOT1,0 H1 T0",0.6931471805599453,0.6931471805599453,0.6931471805599453,13.642223762824287,0.28768207245178107
sample_n2_d7_029,sample,2,7,7,"H1 T0 T1 T0 CNOT0,1 CNOT0,1 T0",0.0,0.0,0.0,0.0,0.5753641449035618
sample_n2_d7_030,sample,2,7,7,"H1 S0 T0 H0 T1 S0 CZ0,1",0.0,0.0,0.0,0.0,0.5753641449035615
sample_n2_d7_031,sample,2,7,7,"CZ0,1 H0 S1 S0 CNOT0,1 CNOT1,0 T1",0.0,0.0,0.0,0.0,0.28768207245178035
sample_n2_d7_032,sample,2,7,7,T0 H0 H0 H1 S0 H0 S0,1.3862943611198906,1.3862943611198906,1.3862943611198906,0.6931471805599453,0.2876820724517806
sample_n2_d7_033,sample,2,7,7,"CNOT1,0 S1 CZ0,1 T0 CNOT1,0 T1 CNOT0,1",0.0,0.0,0.0,0.0,0.5753641449035615
sample_n2_d7_034,sample,2,7,7,T0 T1 H0 S1 S0 H1 H0,0.6931471805599453,0.6931471805599453,0.6931471805599453,0.3465735902799727,0.5753641449035617
sample_n2_d7_035,sample,2,7,7,"CZ0,1 H1 CNOT0,1 CZ0,1 S1 S0 H0",0.0,0.0,0.0,0.0,0.0
sample_n2_d7_036,sample,2,7,7,"CZ0,1 H0 T1 CNOT1,0 CNOT0,1 CNOT0,1 S0",0.0,0.0,0.0,0.0,0.28768207245178035
sample_n2_d7_037,sample,2,7,7,"CNOT1,0 S0 H0 T0 CZ0,1 CZ0,1 S0",0.0,0.0,0.0,0.0,0.28768207245178035
sample_n2_d7_038,sample,2,7,7,"H0 CZ0,1 H1 S0 T1 H1 T1",0.6931471805599453,0.6931471805599453,0.6931471805599453,0.5198603854199592,0.5753641449035615
sample_n2_d7_039,sample,2,7,7,"CNOT1,0 S1 H1 CNOT0,1 S1 H0 S0",0.0,0.0,0.0,0.0,0.0
sample_n2_d7_040,sample,2,7,7,"S1 CZ0,1 CNOT1,0 CNOT1,0 H0 CZ0,1 H0",0.6931471805599453,0.6931471805599453,0.6931471805599453,13.815510557964274,0.0
sample_n2_d8_001,sample,2,8,8,"T1 H1 CZ0,1 CZ0,1 S1 T0 S1 S1",0.0,0.0,0.0,0.0,0.5753641449035618
sample_n2_d8_002,sample,2,8,8,S1 T0 S1 T0 H1 H1 H1 S1,1.3862943611198906,1.3862943611198906,1.3862943611198906,0.6931471805599453,0.0
sample_n2_d8_003,sample,2,8,8,"S1 S0 H1 CNOT0,1 T0 CNOT0,1 S1 CZ0,1",0.0,0.0,0.0,0.0,0.2876820724517806
sample_n2_d8_004,sample,2,8,8,"T0 CNOT1,0 CNOT0,1 H0 CNOT0,1 H1 H1 T0",0.6931471805599453,0.6931471805599453,0.6931471805599453,13.642223762824287,0.5753641449035618
sample_n2_d8_005,sample,2,8,8,"CNOT0,1 T1 T0 S0 CZ0,1 S1 H0 H1",0.0,0.0,0.0,0.0,0.575364144903561
sample_n2_d8_006,sample,2,8,8,"H0 CZ0,1 S1 CNOT0,1 T0 H0 H1 S1",0.6931471805599453,0.6931471805599453,0.6931471805599453,0.5198603854199593,0.2876820724517809
sample_n2_d8_007,sample,2,8,8,"CZ0,1 H1 H1 CNOT1,0 CNOT0,1 CZ0,1 CNOT1,0 S1",0.6931471805599453,0.6931471805599453,0.6931471805599453,13.815510557964274,0.0
sample_n2_d8_008,sample,2,8,8,"CNOT1,0 H0 T0 CZ0,1 T0 CNOT0,1 T1 CZ0,1",0.0,0.0,0.0,0.0,0.2876820724517809
sample_n2_d8_009,sample,2,8,8,"CNOT0,1 S1 H0 T0 CNOT0,1 CZ0,1 T0 H0",0.0,0.0,0.0,0.0,0.0
sample_n2_d8_010,sample,2,8,8,"CNOT0,1 CNOT0,1 S0 H0 CNOT0,1 S1 T1 S1",0.0,0.0,0.0,0.0,0.28768207245178035
sample_n2_d8_011,sample,2,8,8,"H1 H0 S0 CNOT1,0 CNOT1,0 T0 T0 CNOT0,1",0.0,0.0,0.0,0.0,0.0
sample_n2_d8_012,sample,2,8,8,"H0 H0 S0 H1 T0 CNOT0,1 H0 S1",1.3862943611198906,1.3862943611198906,1.3862943611198906,0.6931471805599454,0.2876820724517806
sample_n2_d8_013,sample,2,8,8,"S1 CNOT1,0 T1 S1 S0 CNOT0,1 T0 CNOT1,0",0.0,0.0,0.0,0.0,0.5753641449035615
sample_n2_d8_014,sample,2,8,8,"CNOT0,1 S1 S1 S0 CNOT0,1 T1 CZ0,1 S0",0.0,0.0,0.0,0.0,0.2876820724517809
sample_n2_d8_015,sample,2,8,8,"CZ0,1 CZ0,1 CNOT1,0 H1 H0 CNOT0,1 T0 S1",0.0,0.0,0.0,0.0,0.2876820724517809
sample_n2_d8_016,sample,2,8,8,"S1 S1 CNOT0,1 CNOT0,1 CNOT1,0 T1 CNOT1,0 H0",0.0,0.0,0.0,0.0,0.28768207245178035
sample_n2_d8_017,sample,2,8,8,"CNOT1,0 H1 CNOT0,1 CNOT1,0 T0 T0 T1 CNOT0,1",0.0,0.0,0.0,0.0,0.2876820724517809
sample_n2_d8_018,sample,2,8,8,"T1 T1 T0 H0 CNOT0,1 CNOT0,1 H1 S1",0.0,0.0,0.0,0.0,0.2876820724517809
sample_n2_d8_019,sample,2,8,8,"CNOT0,1 S0 CNOT1,0 S1 H0 H0 S1 CNOT1,0",0.6931471805599453,0.6931471805599453,0.6931471805599453,13.815510557964274,0.0
sample_n2_d8_020,sample,2,8,8,"CZ0,1 H0 S1 T1 T0 H1 H1 S1",0.6931471805599453,0.6931471805599453,0.6931471805599453,13.642223762824287,0.5753641449035618
sample_n2_d8_021,sample,2,8,8,"H1 H1 CNOT0,1 CZ0,1 S0 S0 T0 H1",1.3862943611198906,1.3862943611198906,1.3862943611198906,0.6931471805599454,0.28768207245178107
sample_n2_d8_022,sample,2,8,8,"H1 CNOT1,0 T0 CZ0,1 S0 T0 CNOT0,1 T0",0.0,0.0,0.0,0.0,0.2876820724517809
sample_n2_d8_023,sample,2,8,8,"T0 CNOT1,0 T0 H1 S1 S0 T0 T0",0.0,0.0,0.0,0.0,0.5753641449035617
sample_n2_d8_024,sample,2,8,8,"CNOT0,1 CZ0,1 CZ0,1 CZ0,1 H0 CNOT0,1 CNOT0,1 T0",0.0,0.0,0.0,0.0,0.28768207245178035
sample_n2_d8_025,sample,2,8,8,"H1 H0 CNOT0,1 T1 S1 H0 S1 H0",1.3862943611198906,1.3862943611198906,1.3862943611198906,0.6931471805599453,0.2876820724517808
sample_n2_d8_026,sample,2,8,8,"H1 T1 H1 H1 CZ0,1 CZ0,1 CNOT0,1 CNOT1,0",1.3862943611198908,1.3862943611198908,1.3862943611198908,0.6931471805599453,0.28768207245178035
sample_n2_d8_027,sample,2,8,8,"CNOT0,1 CZ0,1 T1 CNOT0,1 S1 CNOT1,0 S0 S1",0.0,0.0,0.0,0.0,0.2876820724517809
sample_n2_d8_028,sample,2,8,8,S0 H1 T0 T1 S1 S0 H1 T0,0.6931471805599453,0.6931471805599453,0.6931471805599453,0.5198603854199589,0.2876820724517809
sample_n2_d8_029,sample,2,8,8,"CZ0,1 S1 S1 H1 S0 H0 CNOT0,1 H0",0.6931471805599453,0.6931471805599453,0.6931471805599453,13.642223762824287,0.0
sample_n2_d8_030,sample,2,8,8,"T0 H1 H0 CZ0,1 CZ0,1 S1 S0 CNOT1,0",0.0,0.0,0.0,0.0,0.2876820724517809
sample_n2_d8_031,sample,2,8,8,"CNOT0,1 CZ0,1 H1 H1 H0 CNOT1,0 T1 CZ0,1",0.6931471805599453,0.6931471805599453,0.6931471805599453,13.642223762824287,0.28768207245178107
sample_n2_d8_032,sample,2,8,8,"S1 CZ0,1 H1 T0 H1 CNOT1,0 CNOT0,1 H0",1.3862943611198906,1.3862943611198906,1.3862943611198906,0.6931471805599454,0.28768207245178107
sample_n2_d8_033,sample,2,8,8,"T1 CNOT1,0 T1 H0 CZ0,1 H0 S1 T1",0.6931471805599453,0.6931471805599453,0.6931471805599453,13.815510557964274,0.2876820724517809
sample_n2_d8_034,sample,2,8,8,"S1 S0 S1 CNOT1,0 S0 CNOT0,1 H1 H0",0.0,0.0,0.0,0.0,0.0
sample_n2_d8_035,sample,2,8,8,"H0 H1 CNOT1,0 H1 CNOT0,1 H1 CZ0,1 CNOT0,1",1.3862943611198906,1.3862943611198906,1.3862943611198906,0.6931471805599453,0.0
sample_n2_d8_036,sample,2,8,8,"H0 H0 H0 H0 CZ0,1 S0 S0 S1",2.0794415416798357,2.0794415416798357,2.0794415416798357,14.508657738524219,0.0
sample_n2_d8_037,sample,2,8,8,"CNOT0,1 S0 S0 T0 CZ0,1 S1 S0 CZ0,1",0.0,0.0,0.0,0.0,0.2876820724517809
sample_n2_d8_038,sample,2,8,8,"T0 T0 CNOT1,0 S1 H0 H0 CNOT1,0 CZ0,1",0.6931471805599453,0.6931471805599453,0.6931471805599453,13.815510557964274,0.0
sample_n2_d8_039,sample,2,8,8,"S0 CNOT0,1 S0 S1 H1 H0 S0 CZ0,1",0.0,0.0,0.0,0.0,0.0
sample_n2_d8_040,sample,2,8,8,"CZ0,1 CZ0,1 S1 H0 T0 S1 S0 T0",0.0,0.0,0.0,0.0,0.0
sample_n3_d1_001,sample,3,1,1,"CNOT1,0",0.0,0.0,0.0,0.0,0.0
sample_n3_d1_002,sample,3,1,1,T2,0.0,0.0,0.0,0.0,0.2876820724517808
sample_n3_d1_003,sample,3,1,1,"CZ0,1",0.0,0.0,0.0,0.0,0.0
sample_n3_d1_004,sample,3,1,1,S1,0.0,0.0,0.0,0.0,0.0
sample_n3_d1_005,sample,3,1,1,"CNOT1,2",0.0,0.0,0.0,0.0,0.0
sample_n3_d1_006,sample,3,1,1,H1,0.0,0.0,0.0,0.0,0.0
sample_n3_d1_007,sample,3,1,1,S0,0.0,0.0,0.0,0.0,0.0
sample_n3_d1_008,sample,3,1,1,"CZ1,2",0.0,0.0,0.0,0.0,0.0
sample_n3_d1_009,sample,3,1,1,"CNOT2,1",0.0,0.0,0.0,0.0,0.0
sample_n3_d1_010,sample,3,1,1,T0,0.0,0.0,0.0,0.0,0.2876820724517808
sample_n3_d1_011,sample,3,1,1,T1,0.0,0.0,0.0,0.0,0.2876820724517808
sample_n3_d1_012,sample,3,1,1,"CNOT0,1",0.0,0.0,0.0,0.0,0.0
sample_n3_d2_001,sample,3,2,2,S1 S0,0.0,0.0,0.0,0.0,0.0
sample_n3_d2_002,sample,3,2,2,"CZ0,1 CNOT0,1",0.0,0.0,0.0,0.0,0.0
sample_n3_d2_003,sample,3,2,2,S0 H0,0.0,0.0,0.0,0.0,0.0
sample_n3_d2_004,sample,3,2,2,H2 H1,0.0,0.0,0.0,0.0,0.0
sample_n3_d2_005,sample,3,2,2,T2 T2,0.0,0.0,0.0,0.0,0.0
sample_n3_d2_006,sample,3,2,2,"CZ1,2 H1",0.0,0.0,0.0,0.0,0.0
sample_n3_d2_007,sample,3,2,2,"CNOT1,2 S2",0.0,0.0,0.0,0.0,0.0
sample_n3_d2_008,sample,3,2,2,"CNOT0,1 CNOT0,1",0.0,0.0,0.0,0.0,0.0
sample_n3_d2_009,sample,3,2,2,"T0 CZ1,2",0.0,0.0,0.0,0.0,0.2876820724517808
sample_n3_d2_010,sample,3,2,2,"H2 CNOT2,1",0.0,0.0,0.0,0.0,0.0
sample_n3_d2_011,sample,3,2,2,"H2 CNOT1,0",0.0,0.0,0.0,0.0,0.0
sample_n3_d2_012,sample,3,2,2,"CNOT0,1 S0",0.0,0.0,0.0,0.0,0.0
sample_n3_d3_001,sample,3,3,3,"T0 S0 CNOT0,1",0.0,0.0,0.0,0.0,0.2876820724517808
sample_n3_d3_002,sample,3,3,3,"CNOT2,1 T0 CNOT1,0",0.0,0.0,0.0,0.0,0.2876820724517808
sample_n3_d3_003,sample,3,3,3,"CNOT2,1 H0 CZ0,1",0.0,0.0,0.0,0.0,0.0
sample_n3_d3_004,sample,3,3,3,"CNOT2,1 CNOT2,1 CNOT1,2",0.0,0.0,0.0,0.0,0.0
sample_n3_d3_005,sample,3,3,3,"CNOT0,1 S1 T1",0.0,0.0,0.0,0.0,0.2876820724517808
sample_n3_d3_006,sample,3,3,3,S0 T0 T1,0.0,0.0,0.0,0.0,0.5753641449035618
sample_n3_d3_007,sample,3,3,3,"H1 CNOT1,0 CNOT2,1",0.0,0.0,0.0,0.0,0.0
sample_n3_d3_008,sample,3,3,3,"CNOT2,1 H1 T2",0.0,0.0,0.0,0.0,0.2876820724517809
sample_n3_d3_009,sample,3,3,3,"CNOT1,2 S0 T1",0.0,0.0,0.0,0.0,0.2876820724517808
sample_n3_d3_010,sample,3,3,3,"T0 CNOT2,1 CNOT2,1",0.0,0.0,0.0,0.0,0.2876820724517808
sample_n3_d3_011,sample,3,3,3,"T2 H2 CZ0,1",0.0,0.0,0.0,0.0,0.2876820724517809
sample_n3_d3_012,sample,3,3,3,"CNOT1,0 CNOT1,0 T1",0.0,0.0,0.0,0.0,0.2876820724517808
sample_n3_d4_001,sample,3,4,4,"S1 T1 CZ0,1 CNOT2,1",0.0,0.0,0.0,0.0,0.2876820724517808
sample_n3_d4_002,sample,3,4,4,"CZ1,2 T0 S2 S2",0.0,0.0,0.0,0.0,0.2876820724517808
sample_n3_d4_003,sample,3,4,4,H1 S2 S1 H1,0.6931471805599453,0.6931471805599453,0.6931471805599453,0.3465735902799726,0.0
sample_n3_d4_004,sample,3,4,4,"H2 CNOT2,1 S0 S0",0.0,0.0,0.0,0.0,0.0
sample_n3_d4_005,sample,3,4,4,"S1 CNOT1,0 S2 H2",0.0,0.0,0.0,0.0,0.0
sample_n3_d4_006,sample,3,4,4,"T1 T0 CZ0,1 T0",0.0,0.0,0.0,0.0,0.2876820724517809
sample_n3_d4_007,sample,3,4,4,"H0 T1 CNOT1,2 CNOT1,0",0.0,0.0,0.0,0.0,0.2876820724517809
sample_n3_d4_008,sample,3,4,4,H2 S0 S2 S0,0.0,0.0,0.0,0.0,0.0
sample_n3_d4_009,sample,3,4,4,"CNOT2,1 CNOT0,1 T2 S2",0.0,0.0,0.0,0.0,0.2876820724517808
sample_n3_d4_010,sample,3,4,4,"S2 S1 CZ1,2 S0",0.0,0.0,0.0,0.0,0.0
sample_n3_d4_011,sample,3,4,4,"CZ0,1 CNOT1,0 T2 CZ0,1",0.0,0.0,0.0,0.0,0.2876820724517808
sample_n3_d4_012,sample,3,4,4,"CZ1,2 H1 CZ1,2 H0",0.0,0.0,0.0,0.0,0.0
sample_n3_d5_001,sample,3,5,5,"H2 CNOT2,1 CNOT0,1 CNOT0,1 S2",0.0,0.0,0.0,0.0,0.0
sample_n3_d5_002,sample,3,5,5,"S2 S2 S1 S0 CNOT2,1",0.0,0.0,0.0,0.0,0.0
sample_n3_d5_003,sample,3,5,5,"T2 CNOT2,1 S2 T0 CNOT1,0",0.0,0.0,0.0,0.0,0.5753641449035618
sample_n3_d5_004,sample,3,5,5,"H0 T1 S2 T1 CNOT1,2",0.0,0.0,0.0,0.0,0.0
sample_n3_d5_005,sample,3,5,5,"T1 CNOT2,1 S1 T0 H1",0.0,0.0,0.0,0.0,0.5753641449035618
sample_n3_d5_006,sample,3,5,5,"S2 CNOT1,0 CNOT1,2 T2 CZ0,1",0.0,0.0,0.0,0.0,0.2876820724517808
sample_n3_d5_007,sample,3,5,5,"S0 H2 CNOT2,1 H1 CNOT2,1",0.0,0.0,0.0,0.0,0.0
sample_n3_d5_008,sample,3,5,5,"S2 S2 T2 CNOT1,2 T1",0.0,0.0,0.0,0.0,0.5753641449035618
sample_n3_d5_009,sample,3,5,5,"CNOT1,0 CNOT0,1 CZ0,1 CZ1,2 CNOT0,1",0.0,0.0,0.0,0.0,0.0
sample_n3_d5_010,sample,3,5,5,"CZ1,2 T0 H0 S0 CZ0,1",0.0,0.0,0.0,0.0,0.2876820724517809
sample_n3_d5_011,sample,3,5,5,"CZ1,2 CZ0,1 CNOT2,1 S2 CZ1,2",0.0,0.0,0.0,0.0,0.0
sample_n3_d5_012,sample,3,5,5,"H1 T2 CNOT1,2 S0 CZ0,1",0.0,0.0,0.0,0.0,0.2876820724517809
sample_n3_d6_001,sample,3,6,6,"T0 H1 CZ1,2 H0 S0 CZ1,2",0.0,0.0,0.0,0.0,0.28768207245178107
sample_n3_d6_002,sample,3,6,6,"CZ0,1 T1 CNOT2,1 H2 H1 S2",0.0,0.0,0.0,0.0,0.28768207245178107
sample_n3_d6_003,sample,3,6,6,"CZ0,1 T0 S2 S2 H0 CZ0,1",0.0,0.0,0.0,0.0,0.2876820724517809
sample_n3_d6_004,sample,3,6,6,"CNOT2,1 CZ1,2 H1 CNOT0,1 T0 S2",0.0,0.0,0.0,0.0,0.2876820724517809
sample_n3_d6_005,sample,3,6,6,"T0 T1 CNOT1,2 H2 S2 T0",0.0,0.0,0.0,0.0,0.2876820724517808
sample_n3_d6_006,sample,3,6,6,"CNOT1,0 T2 CZ0,1 CNOT1,0 CNOT1,0 T0",0.0,0.0,0.0,0.0,0.5753641449035618
sample_n3_d6_007,sample,3,6,6,"H1 CNOT2,1 CZ0,1 CZ0,1 H1 CZ0,1",0.6931471805599453,0.6931471805599453,0.6931471805599453,13.815510557964274,0.0
sample_n3_d6_008,sample,3,6,6,"CNOT1,2 T1 CZ0,1 CZ1,2 T1 H0",0.0,0.0,0.0,0.0,0.0
sample_n3_d6_009,sample,3,6,6,"CNOT1,2 T0 S2 H2 CNOT2,1 CNOT1,0",0.0,0.0,0.0,0.0,0.2876820724517809
sample_n3_d6_010,sample,3,6,6,"S2 CNOT0,1 CNOT2,1 CNOT0,1 CZ1,2 CZ0,1",0.0,0.0,0.0,0.0,0.0
sample_n3_d6_011,sample,3,6,6,"S2 CNOT2,1 T0 H1 H0 S1",0.0,0.0,0.0,0.0,0.28768207245178107
sample_n3_d6_012,sample,3,6,6,"H1 H1 H2 CNOT1,2 T0 CZ1,2",0.6931471805599453,0.6931471805599453,0.6931471805599453,13.642223762824287,0.28768207245178107
